{
  "criteria": {
    "spawner_chest": {
      "trigger": "minecraft:item_used_on_block",
      "conditions": {
        "location": [
          {
            "condition": "minecraft:location_check",
            "predicate": {
              "block": {
                "tag": "dnl:chests",
                "nbt": "{Lock:\"Spawner Chest§r\"}"
              }
            }
          }
        ]
      }
    }
  },
  "requirements": [
    [
      "spawner_chest"
    ]
  ],
  "rewards": {
    "function": "dnl:util/chests/player_interacted_chest"
  }
}
