{
	"display": {
		"icon": {
			"item": "minecraft:elytra",
			"nbt": "{Damage:0}"
		},
		"title": {
			"translate": "advancements.end.elytra.title"
		},
		"description": {
			"translate": "advancements.end.elytra.description"
		},
		"frame": "goal",
		"show_toast": true,
		"announce_to_chat": true,
		"hidden": false
	},
	"parent": "minecraft:end/find_end_city",
	"criteria": {
		"elytra": {
			"trigger": "minecraft:inventory_changed",
			"conditions": {
				"items": [
					{
						"items": [
							"minecraft:elytra"
						]
					}
				]
			}
		}
	},
	"requirements": [
		[
			"elytra"
		]
	]
}
