{
  "display": {
    "icon": {
      "item": "minecraft:nautilus_shell"
    },
    "title": {
      "translate": "Nautilus Guardian"
    },
    "description": {
      "translate": "Break the hard shell of the guardian"
    },
    "frame": "task",
    "show_toast": true,
    "announce_to_chat": true,
    "hidden": false
  },
  "parent": "dnl:story/structures/deep_oasis/locate",
  "criteria": {
    "killed_nautilus_guardian": {
      "trigger": "minecraft:impossible"
    }
  },
  "requirements": [
    [
      "killed_nautilus_guardian"
    ]
  ]
}
