{
  "display": {
    "icon": {
      "item": "minecraft:trident"
    },
    "title": {
      "translate": "Posaidon"
    },
    "description": {
      "translate": "Defeat the protector of the deep oasis"
    },
    "frame": "task",
    "show_toast": true,
    "announce_to_chat": true,
    "hidden": false
  },
  "parent": "dnl:story/structures/deep_oasis/locate",
  "criteria": {
    "killed_posaidon": {
      "trigger": "minecraft:impossible"
    }
  },
  "requirements": [
    [
      "killed_posaidon"
    ]
  ]
}
