{
  "type": "minecraft:entity",
  "pools": [
    {
      "rolls": 1,
      "entries": [
        {
          "type": "minecraft:item",
          "weight": 1,
          "name": "minecraft:totem_of_undying"
        },
        {
          "type": "minecraft:item",
          "weight": 1,
          "name": "minecraft:totem_of_undying",
          "functions": [
            {
              "function": "minecraft:set_nbt",
              "tag": "{CustomModelData:16}"
            }
          ]
        },
        {
          "type": "minecraft:item",
          "weight": 1,
          "name": "minecraft:totem_of_undying",
          "functions": [
            {
              "function": "minecraft:set_nbt",
              "tag": "{CustomModelData:15}"
            }
          ]
        },
        {
          "type": "minecraft:item",
          "weight": 1,
          "name": "minecraft:totem_of_undying",
          "functions": [
            {
              "function": "minecraft:set_nbt",
              "tag": "{CustomModelData:14}"
            }
          ]
        },
        {
          "type": "minecraft:item",
          "weight": 1,
          "name": "minecraft:totem_of_undying",
          "functions": [
            {
              "function": "minecraft:set_nbt",
              "tag": "{CustomModelData:13}"
            }
          ]
        },
        {
          "type": "minecraft:item",
          "weight": 1,
          "name": "minecraft:totem_of_undying",
          "functions": [
            {
              "function": "minecraft:set_nbt",
              "tag": "{CustomModelData:12}"
            }
          ]
        },
        {
          "type": "minecraft:item",
          "weight": 1,
          "name": "minecraft:totem_of_undying",
          "functions": [
            {
              "function": "minecraft:set_nbt",
              "tag": "{CustomModelData:11}"
            }
          ]
        },
        {
          "type": "minecraft:item",
          "weight": 1,
          "name": "minecraft:totem_of_undying",
          "functions": [
            {
              "function": "minecraft:set_nbt",
              "tag": "{CustomModelData:10}"
            }
          ]
        },
        {
          "type": "minecraft:item",
          "weight": 1,
          "name": "minecraft:totem_of_undying",
          "functions": [
            {
              "function": "minecraft:set_nbt",
              "tag": "{CustomModelData:9}"
            }
          ]
        },
        {
          "type": "minecraft:item",
          "weight": 1,
          "name": "minecraft:totem_of_undying",
          "functions": [
            {
              "function": "minecraft:set_nbt",
              "tag": "{CustomModelData:8}"
            }
          ]
        },
        {
          "type": "minecraft:item",
          "weight": 1,
          "name": "minecraft:totem_of_undying",
          "functions": [
            {
              "function": "minecraft:set_nbt",
              "tag": "{CustomModelData:7}"
            }
          ]
        },
        {
          "type": "minecraft:item",
          "weight": 1,
          "name": "minecraft:totem_of_undying",
          "functions": [
            {
              "function": "minecraft:set_nbt",
              "tag": "{CustomModelData:6}"
            }
          ]
        },
        {
          "type": "minecraft:item",
          "weight": 1,
          "name": "minecraft:totem_of_undying",
          "functions": [
            {
              "function": "minecraft:set_nbt",
              "tag": "{CustomModelData:5}"
            }
          ]
        },
        {
          "type": "minecraft:item",
          "weight": 1,
          "name": "minecraft:totem_of_undying",
          "functions": [
            {
              "function": "minecraft:set_nbt",
              "tag": "{CustomModelData:4}"
            }
          ]
        },
        {
          "type": "minecraft:item",
          "weight": 1,
          "name": "minecraft:totem_of_undying",
          "functions": [
            {
              "function": "minecraft:set_nbt",
              "tag": "{CustomModelData:3}"
            }
          ]
        },
        {
          "type": "minecraft:item",
          "weight": 1,
          "name": "minecraft:totem_of_undying",
          "functions": [
            {
              "function": "minecraft:set_nbt",
              "tag": "{CustomModelData:2}"
            }
          ]
        }
      ]
    }
  ]
}
