{
	"display": {
		"icon": {
			"item": "minecraft:player_head",
			"nbt": "{SkullOwner:\"p_yt\"}"
		},
		"title": {
			"translate": "stellarity.advancements.headhunter",
			"fallback": "Headhunter"
		},
		"description": [
			{
				"translate": "stellarity.advancements.headhunter.description",
				"fallback": "Find EVERY collectible Head"
			},
			"\n",
			{
				"translate": "stellarity.advancements.headhunter.tip",
				"fallback": "ᴛɪᴘ: ʏᴏᴜ ᴄᴀɴ ʀᴇ-ʀᴏʟʟ ᴅᴜᴘʟɪᴄᴀᴛᴇs ᴀᴛ ᴛʜᴇ ᴀʟᴛᴀʀ ᴏғ ᴛʜᴇ ʟɪɢʜᴛ",
				"color": "#727272",
				"italic": true
			}
		],
		"frame": "challenge",
		"show_toast": true,
		"announce_to_chat": true,
		"hidden": false
	},
	"parent": "stellarity:end_city/treasure_room",
	"criteria": {
		"1": {
			"trigger": "minecraft:inventory_changed",
			"conditions": {
				"items": [
					{
						"items": [
							"minecraft:player_head"
						],
						"nbt": "{stellarity.head_id:1}"
					}
				]
			}
		},
		"2": {
			"trigger": "minecraft:inventory_changed",
			"conditions": {
				"items": [
					{
						"items": [
							"minecraft:player_head"
						],
						"nbt": "{stellarity.head_id:2}"
					}
				]
			}
		},
		"3": {
			"trigger": "minecraft:inventory_changed",
			"conditions": {
				"items": [
					{
						"items": [
							"minecraft:player_head"
						],
						"nbt": "{stellarity.head_id:3}"
					}
				]
			}
		},
		"4": {
			"trigger": "minecraft:inventory_changed",
			"conditions": {
				"items": [
					{
						"items": [
							"minecraft:player_head"
						],
						"nbt": "{stellarity.head_id:4}"
					}
				]
			}
		},
		"5": {
			"trigger": "minecraft:inventory_changed",
			"conditions": {
				"items": [
					{
						"items": [
							"minecraft:player_head"
						],
						"nbt": "{stellarity.head_id:5}"
					}
				]
			}
		},
		"6": {
			"trigger": "minecraft:inventory_changed",
			"conditions": {
				"items": [
					{
						"items": [
							"minecraft:player_head"
						],
						"nbt": "{stellarity.head_id:6}"
					}
				]
			}
		},
		"7": {
			"trigger": "minecraft:inventory_changed",
			"conditions": {
				"items": [
					{
						"items": [
							"minecraft:player_head"
						],
						"nbt": "{stellarity.head_id:7}"
					}
				]
			}
		},
		"8": {
			"trigger": "minecraft:inventory_changed",
			"conditions": {
				"items": [
					{
						"items": [
							"minecraft:player_head"
						],
						"nbt": "{stellarity.head_id:8}"
					}
				]
			}
		},
		"9": {
			"trigger": "minecraft:inventory_changed",
			"conditions": {
				"items": [
					{
						"items": [
							"minecraft:player_head"
						],
						"nbt": "{stellarity.head_id:9}"
					}
				]
			}
		},
		"10": {
			"trigger": "minecraft:inventory_changed",
			"conditions": {
				"items": [
					{
						"items": [
							"minecraft:player_head"
						],
						"nbt": "{stellarity.head_id:10}"
					}
				]
			}
		},
		"11": {
			"trigger": "minecraft:inventory_changed",
			"conditions": {
				"items": [
					{
						"items": [
							"minecraft:player_head"
						],
						"nbt": "{stellarity.head_id:11}"
					}
				]
			}
		},
		"12": {
			"trigger": "minecraft:inventory_changed",
			"conditions": {
				"items": [
					{
						"items": [
							"minecraft:player_head"
						],
						"nbt": "{stellarity.head_id:12}"
					}
				]
			}
		},
		"13": {
			"trigger": "minecraft:inventory_changed",
			"conditions": {
				"items": [
					{
						"items": [
							"minecraft:player_head"
						],
						"nbt": "{stellarity.head_id:13}"
					}
				]
			}
		},
		"14": {
			"trigger": "minecraft:inventory_changed",
			"conditions": {
				"items": [
					{
						"items": [
							"minecraft:player_head"
						],
						"nbt": "{stellarity.head_id:14}"
					}
				]
			}
		},
		"15": {
			"trigger": "minecraft:inventory_changed",
			"conditions": {
				"items": [
					{
						"items": [
							"minecraft:player_head"
						],
						"nbt": "{stellarity.head_id:15}"
					}
				]
			}
		},
		"16": {
			"trigger": "minecraft:inventory_changed",
			"conditions": {
				"items": [
					{
						"items": [
							"minecraft:player_head"
						],
						"nbt": "{stellarity.head_id:16}"
					}
				]
			}
		},
		"17": {
			"trigger": "minecraft:inventory_changed",
			"conditions": {
				"items": [
					{
						"items": [
							"minecraft:player_head"
						],
						"nbt": "{stellarity.head_id:17}"
					}
				]
			}
		},
		"18": {
			"trigger": "minecraft:inventory_changed",
			"conditions": {
				"items": [
					{
						"items": [
							"minecraft:player_head"
						],
						"nbt": "{stellarity.head_id:18}"
					}
				]
			}
		},
		"19": {
			"trigger": "minecraft:inventory_changed",
			"conditions": {
				"items": [
					{
						"items": [
							"minecraft:player_head"
						],
						"nbt": "{stellarity.head_id:19}"
					}
				]
			}
		},
		"20": {
			"trigger": "minecraft:inventory_changed",
			"conditions": {
				"items": [
					{
						"items": [
							"minecraft:player_head"
						],
						"nbt": "{stellarity.head_id:20}"
					}
				]
			}
		},
		"21": {
			"trigger": "minecraft:inventory_changed",
			"conditions": {
				"items": [
					{
						"items": [
							"minecraft:player_head"
						],
						"nbt": "{stellarity.head_id:21}"
					}
				]
			}
		},
		"22": {
			"trigger": "minecraft:inventory_changed",
			"conditions": {
				"items": [
					{
						"items": [
							"minecraft:player_head"
						],
						"nbt": "{stellarity.head_id:22}"
					}
				]
			}
		},
		"23": {
			"trigger": "minecraft:inventory_changed",
			"conditions": {
				"items": [
					{
						"items": [
							"minecraft:player_head"
						],
						"nbt": "{stellarity.head_id:23}"
					}
				]
			}
		},
		"24": {
			"trigger": "minecraft:inventory_changed",
			"conditions": {
				"items": [
					{
						"items": [
							"minecraft:player_head"
						],
						"nbt": "{stellarity.head_id:24}"
					}
				]
			}
		},
		"25": {
			"trigger": "minecraft:inventory_changed",
			"conditions": {
				"items": [
					{
						"items": [
							"minecraft:player_head"
						],
						"nbt": "{stellarity.head_id:25}"
					}
				]
			}
		},
		"26": {
			"trigger": "minecraft:inventory_changed",
			"conditions": {
				"items": [
					{
						"items": [
							"minecraft:player_head"
						],
						"nbt": "{stellarity.head_id:26}"
					}
				]
			}
		},
		"27": {
			"trigger": "minecraft:inventory_changed",
			"conditions": {
				"items": [
					{
						"items": [
							"minecraft:player_head"
						],
						"nbt": "{stellarity.head_id:27}"
					}
				]
			}
		},
		"28": {
			"trigger": "minecraft:inventory_changed",
			"conditions": {
				"items": [
					{
						"items": [
							"minecraft:player_head"
						],
						"nbt": "{stellarity.head_id:28}"
					}
				]
			}
		},
		"29": {
			"trigger": "minecraft:inventory_changed",
			"conditions": {
				"items": [
					{
						"items": [
							"minecraft:player_head"
						],
						"nbt": "{stellarity.head_id:29}"
					}
				]
			}
		},
		"30": {
			"trigger": "minecraft:inventory_changed",
			"conditions": {
				"items": [
					{
						"items": [
							"minecraft:player_head"
						],
						"nbt": "{stellarity.head_id:30}"
					}
				]
			}
		},
		"31": {
			"trigger": "minecraft:inventory_changed",
			"conditions": {
				"items": [
					{
						"items": [
							"minecraft:player_head"
						],
						"nbt": "{stellarity.head_id:31}"
					}
				]
			}
		},
		"32": {
			"trigger": "minecraft:inventory_changed",
			"conditions": {
				"items": [
					{
						"items": [
							"minecraft:player_head"
						],
						"nbt": "{stellarity.head_id:32}"
					}
				]
			}
		},
		"33": {
			"trigger": "minecraft:inventory_changed",
			"conditions": {
				"items": [
					{
						"items": [
							"minecraft:player_head"
						],
						"nbt": "{stellarity.head_id:33}"
					}
				]
			}
		},
		"34": {
			"trigger": "minecraft:inventory_changed",
			"conditions": {
				"items": [
					{
						"items": [
							"minecraft:player_head"
						],
						"nbt": "{stellarity.head_id:34}"
					}
				]
			}
		},
		"35": {
			"trigger": "minecraft:inventory_changed",
			"conditions": {
				"items": [
					{
						"items": [
							"minecraft:player_head"
						],
						"nbt": "{stellarity.head_id:35}"
					}
				]
			}
		},
		"36": {
			"trigger": "minecraft:inventory_changed",
			"conditions": {
				"items": [
					{
						"items": [
							"minecraft:player_head"
						],
						"nbt": "{stellarity.head_id:36}"
					}
				]
			}
		},
		"37": {
			"trigger": "minecraft:inventory_changed",
			"conditions": {
				"items": [
					{
						"items": [
							"minecraft:player_head"
						],
						"nbt": "{stellarity.head_id:37}"
					}
				]
			}
		},
		"38": {
			"trigger": "minecraft:inventory_changed",
			"conditions": {
				"items": [
					{
						"items": [
							"minecraft:player_head"
						],
						"nbt": "{stellarity.head_id:38}"
					}
				]
			}
		},
		"39": {
			"trigger": "minecraft:inventory_changed",
			"conditions": {
				"items": [
					{
						"items": [
							"minecraft:player_head"
						],
						"nbt": "{stellarity.head_id:39}"
					}
				]
			}
		},
		"40": {
			"trigger": "minecraft:inventory_changed",
			"conditions": {
				"items": [
					{
						"items": [
							"minecraft:player_head"
						],
						"nbt": "{stellarity.head_id:40}"
					}
				]
			}
		},
		"41": {
			"trigger": "minecraft:inventory_changed",
			"conditions": {
				"items": [
					{
						"items": [
							"minecraft:player_head"
						],
						"nbt": "{stellarity.head_id:41}"
					}
				]
			}
		},
		"42": {
			"trigger": "minecraft:inventory_changed",
			"conditions": {
				"items": [
					{
						"items": [
							"minecraft:player_head"
						],
						"nbt": "{stellarity.head_id:42}"
					}
				]
			}
		},
		"43": {
			"trigger": "minecraft:inventory_changed",
			"conditions": {
				"items": [
					{
						"items": [
							"minecraft:player_head"
						],
						"nbt": "{stellarity.head_id:43}"
					}
				]
			}
		},
		"44": {
			"trigger": "minecraft:inventory_changed",
			"conditions": {
				"items": [
					{
						"items": [
							"minecraft:player_head"
						],
						"nbt": "{stellarity.head_id:44}"
					}
				]
			}
		},
		"45": {
			"trigger": "minecraft:inventory_changed",
			"conditions": {
				"items": [
					{
						"items": [
							"minecraft:player_head"
						],
						"nbt": "{stellarity.head_id:45}"
					}
				]
			}
		},
		"46": {
			"trigger": "minecraft:inventory_changed",
			"conditions": {
				"items": [
					{
						"items": [
							"minecraft:player_head"
						],
						"nbt": "{stellarity.head_id:46}"
					}
				]
			}
		},
		"47": {
			"trigger": "minecraft:inventory_changed",
			"conditions": {
				"items": [
					{
						"items": [
							"minecraft:player_head"
						],
						"nbt": "{stellarity.head_id:47}"
					}
				]
			}
		},
		"48": {
			"trigger": "minecraft:inventory_changed",
			"conditions": {
				"items": [
					{
						"items": [
							"minecraft:player_head"
						],
						"nbt": "{stellarity.head_id:48}"
					}
				]
			}
		},
		"49": {
			"trigger": "minecraft:inventory_changed",
			"conditions": {
				"items": [
					{
						"items": [
							"minecraft:player_head"
						],
						"nbt": "{stellarity.head_id:49}"
					}
				]
			}
		},
		"50": {
			"trigger": "minecraft:inventory_changed",
			"conditions": {
				"items": [
					{
						"items": [
							"minecraft:player_head"
						],
						"nbt": "{stellarity.head_id:50}"
					}
				]
			}
		},
		"51": {
			"trigger": "minecraft:inventory_changed",
			"conditions": {
				"items": [
					{
						"items": [
							"minecraft:player_head"
						],
						"nbt": "{stellarity.head_id:51}"
					}
				]
			}
		},
		"52": {
			"trigger": "minecraft:inventory_changed",
			"conditions": {
				"items": [
					{
						"items": [
							"minecraft:player_head"
						],
						"nbt": "{stellarity.head_id:52}"
					}
				]
			}
		},
		"53": {
			"trigger": "minecraft:inventory_changed",
			"conditions": {
				"items": [
					{
						"items": [
							"minecraft:player_head"
						],
						"nbt": "{stellarity.head_id:53}"
					}
				]
			}
		},
		"54": {
			"trigger": "minecraft:inventory_changed",
			"conditions": {
				"items": [
					{
						"items": [
							"minecraft:player_head"
						],
						"nbt": "{stellarity.head_id:54}"
					}
				]
			}
		},
		"55": {
			"trigger": "minecraft:inventory_changed",
			"conditions": {
				"items": [
					{
						"items": [
							"minecraft:player_head"
						],
						"nbt": "{stellarity.head_id:55}"
					}
				]
			}
		}
	},
	"requirements": [
		[
			"1"
		],
		[
			"2"
		],
		[
			"3"
		],
		[
			"4"
		],
		[
			"5"
		],
		[
			"6"
		],
		[
			"7"
		],
		[
			"8"
		],
		[
			"9"
		],
		[
			"10"
		],
		[
			"11"
		],
		[
			"12"
		],
		[
			"13"
		],
		[
			"14"
		],
		[
			"15"
		],
		[
			"16"
		],
		[
			"17"
		],
		[
			"18"
		],
		[
			"19"
		],
		[
			"20"
		],
		[
			"21"
		],
		[
			"22"
		],
		[
			"23"
		],
		[
			"24"
		],
		[
			"25"
		],
		[
			"26"
		],
		[
			"27"
		],
		[
			"28"
		],
		[
			"29"
		],
		[
			"30"
		],
		[
			"31"
		],
		[
			"32"
		],
		[
			"33"
		],
		[
			"34"
		],
		[
			"35"
		],
		[
			"36"
		],
		[
			"37"
		],
		[
			"38"
		],
		[
			"39"
		],
		[
			"40"
		],
		[
			"41"
		],
		[
			"42"
		],
		[
			"43"
		],
		[
			"44"
		],
		[
			"45"
		],
		[
			"46"
		],
		[
			"47"
		],
		[
			"48"
		],
		[
			"49"
		],
		[
			"50"
		],
		[
			"51"
		],
		[
			"52"
		],
		[
			"53"
		],
		[
			"54"
		],
		[
			"55"
		]
	],
	"rewards": {
		"experience": 10000
	}
}
