{
	"display": {
		"icon": {
			"item": "minecraft:shulker_box"
		},
		"title": {
			"translate": "stellarity.advancements.portable_storage",
			"fallback": "Portable Storage"
		},
		"description": {
			"translate": "stellarity.advancements.portable_storage.description",
			"fallback": "Craft a Shulker Box"
		},
		"frame": "task",
		"show_toast": true,
		"announce_to_chat": true
	},
	"parent": "stellarity:end_city/defeat_shulker",
	"criteria": {
		"craft_shulker_box": {
			"trigger": "minecraft:inventory_changed",
			"conditions": {
				"player": {},
				"items": [
					{
						"items": [
							"minecraft:shulker_box"
						]
					}
				]
			}
		}
	},
	"requirements": [
		[
			"craft_shulker_box"
		]
	],
	"rewards": {
		"recipes": [
			"minecraft:shulker_box_coloring"
		]
	}
}
