{
  "display": {
    "icon": {
      "item": "minecraft:bow",
      "nbt": "{CustomModelData:4040001}"
    },
    "title": {
      "translate": "Relic Collector"
    },
    "description": {
      "translate": "Obtain all three kinds of Ancient Bow"
    },
    "frame": "challenge",
    "show_toast": true,
    "announce_to_chat": true,
    "hidden": false
  },
  "parent": "dnl:story/structures/temple_of_tears/sisters_of_sorrow",
  "criteria": {
    "ancient bow red": {
      "trigger": "minecraft:inventory_changed",
      "conditions": {
        "items": [
          {
            "nbt": "{dnl:{name:'ancient_bow_red'}}"
          }
        ]
      }
    },
    "ancient bow blue": {
      "trigger": "minecraft:inventory_changed",
      "conditions": {
        "items": [
          {
            "nbt": "{dnl:{name:'ancient_bow_blue'}}"
          }
        ]
      }
    },
    "ancient bow yellow": {
      "trigger": "minecraft:inventory_changed",
      "conditions": {
        "items": [
          {
            "nbt": "{dnl:{name:'ancient_bow_yellow'}}"
          }
        ]
      }
    }
  },
  "requirements": [
    [
      "ancient bow red"
    ],
    [
      "ancient bow blue"
    ],
    [
      "ancient bow yellow"
    ]
  ],
  "rewards": {
    "experience": 500
  }
}
