{
  "display": {
    "icon": {
      "item": "minecraft:ghast_tear"
    },
    "title": {
      "translate": "Sisters of Sorrow"
    },
    "description": {
      "translate": "Defeat the Sisters of Sorrow"
    },
    "frame": "challenge",
    "show_toast": true,
    "announce_to_chat": true,
    "hidden": false
  },
  "parent": "dnl:story/structures/temple_of_tears/locate",
  "criteria": {
    "kill guardian ghasts": {
      "trigger": "minecraft:impossible"
    }
  },
  "rewards": {
    "experience": 500
  }
}
