{
  "display": {
    "icon": {
      "item": "minecraft:mossy_cobblestone"
    },
    "title": {
      "translate": "Dungeon Now Loading"
    },
    "description": {
      "translate": "Locate one of Dungeon Now Loading structures"
    },
    "show_toast": true,
    "announce_to_chat": true,
    "hidden": false
  },
  "parent": "dnl:story/general/new_start",
  "criteria": {
    "locate_cleric_hideout": {
      "trigger": "minecraft:location",
      "conditions": {
        "player": {
          "location": {
            "structure": "dnl:cleric_hideout"
          }
        }
      }
    },
    "locate_crawlers_lair": {
      "trigger": "minecraft:location",
      "conditions": {
        "player": {
          "location": {
            "structure": "dnl:crawlers_lair"
          }
        }
      }
    },
    "locate_deep_oasis": {
      "trigger": "minecraft:location",
      "conditions": {
        "player": {
          "location": {
            "structure": "dnl:deep_oasis"
          }
        }
      }
    },
    "locate_forgotten_field": {
      "trigger": "minecraft:location",
      "conditions": {
        "player": {
          "location": {
            "structure": "dnl:forgotten_field"
          }
        }
      }
    },
    "locate_gallery_of_illusion": {
      "trigger": "minecraft:location",
      "conditions": {
        "player": {
          "location": {
            "structure": "dnl:gallery_of_illusion"
          }
        }
      }
    },
    "locate_hivenest": {
      "trigger": "minecraft:location",
      "conditions": {
        "player": {
          "location": {
            "structure": "dnl:hivenest"
          }
        }
      }
    },
    "locate_hunters_grave": {
      "trigger": "minecraft:location",
      "conditions": {
        "player": {
          "location": {
            "structure": "dnl:hunters_grave"
          }
        }
      }
    },
    "locate_olympus": {
      "trigger": "minecraft:location",
      "conditions": {
        "player": {
          "location": {
            "structure": "dnl:olympus"
          }
        }
      }
    },
    "locate_railway_outpost": {
      "trigger": "minecraft:location",
      "conditions": {
        "player": {
          "location": {
            "structure": "dnl:railway_outpost"
          }
        }
      }
    },
    "locate_sinkhole": {
      "trigger": "minecraft:location",
      "conditions": {
        "player": {
          "location": {
            "structure": "dnl:sinkhole"
          }
        }
      }
    },
    "locate_temple_of_tears": {
      "trigger": "minecraft:location",
      "conditions": {
        "player": {
          "location": {
            "structure": "dnl:temple_of_tears"
          }
        }
      }
    },
    "locate_watcher_camp": {
      "trigger": "minecraft:location",
      "conditions": {
        "player": {
          "location": {
            "structure": "dnl:watcher_camp"
          }
        }
      }
    }
  },
  "requirements": [
    [
      "locate_cleric_hideout",
      "locate_crawlers_lair",
      "locate_deep_oasis",
      "locate_forgotten_field",
      "locate_gallery_of_illusion",
      "locate_hivenest",
      "locate_hunters_grave",
      "locate_olympus",
      "locate_railway_outpost",
      "locate_sinkhole",
      "locate_temple_of_tears",
      "locate_watcher_camp"
    ]
  ]
}
