{
  "display": {
    "icon": {
      "item": "minecraft:sweet_berries"
    },
    "title": {
      "translate": "The Mortal Sinner"
    },
    "description": {
      "translate": "Obtain 5 full hearts by consuming the Forbidden Fruits and cause the mortal sin"
    },
    "frame": "task",
    "show_toast": true,
    "announce_to_chat": true,
    "hidden": false
  },
  "parent": "dnl:story/general/the_sinner",
  "criteria": {
    "locate watcher camp": {
      "trigger": "minecraft:impossible"
    }
  }
}
