{
  "display": {
    "icon": {
      "item": "minecraft:golden_apple"
    },
    "title": {
      "translate": "The Cursed Sinner"
    },
    "description": {
      "translate": "Obtain maximum hearts by consuming the Forbidden Fruits and become the cursed sinner"
    },
    "frame": "challenge",
    "show_toast": true,
    "announce_to_chat": true,
    "hidden": false
  },
  "parent": "dnl:story/general/the_mortal_sinner",
  "criteria": {
    "locate watcher camp": {
      "trigger": "minecraft:impossible"
    }
  }
}
