{
  "pools": [
    {
      "rolls": 1,
      "entries": [
        {
          "type": "minecraft:item",
          "name": "minecraft:nether_star",
          "functions": [
            {
              "function": "minecraft:set_nbt",
              "tag": "{CustomModelData: 4049999, dnl: {name: 'death_star', item: 1, id: 9999}}"
            },
            {
              "function": "minecraft:set_nbt",
              "tag": "{dnl:{death:14}}"
            },
            {
              "function": "minecraft:set_attributes",
              "modifiers": [
                {
                  "attribute": "minecraft:generic.luck",
                  "name": "",
                  "amount": {
                    "type": "minecraft:score",
                    "target": "this",
                    "score": "dnl.eid"
                  },
                  "operation": "addition",
                  "slot": "feet"
                },
                {
                  "attribute": "minecraft:generic.attack_speed",
                  "name": "",
                  "amount": {
                    "type": "minecraft:score",
                    "target": "this",
                    "score": "dnl.lid"
                  },
                  "operation": "addition",
                  "slot": "feet"
                }
              ]
            },
            {
              "function": "minecraft:set_nbt",
              "tag": "{dnl:{bossbar_id:0}}",
              "conditions": [
                {
                  "condition": "minecraft:entity_scores",
                  "entity": "this",
                  "scores": {
                    "dnl.bossbar_id": 0
                  }
                }
              ]
            },
            {
              "function": "minecraft:set_nbt",
              "tag": "{dnl:{bossbar_id:1}}",
              "conditions": [
                {
                  "condition": "minecraft:entity_scores",
                  "entity": "this",
                  "scores": {
                    "dnl.bossbar_id": 1
                  }
                }
              ]
            },
            {
              "function": "minecraft:set_nbt",
              "tag": "{dnl:{bossbar_id:2}}",
              "conditions": [
                {
                  "condition": "minecraft:entity_scores",
                  "entity": "this",
                  "scores": {
                    "dnl.bossbar_id": 2
                  }
                }
              ]
            },
            {
              "function": "minecraft:set_nbt",
              "tag": "{dnl:{bossbar_id:3}}",
              "conditions": [
                {
                  "condition": "minecraft:entity_scores",
                  "entity": "this",
                  "scores": {
                    "dnl.bossbar_id": 3
                  }
                }
              ]
            },
            {
              "function": "minecraft:set_nbt",
              "tag": "{dnl:{bossbar_id:4}}",
              "conditions": [
                {
                  "condition": "minecraft:entity_scores",
                  "entity": "this",
                  "scores": {
                    "dnl.bossbar_id": 4
                  }
                }
              ]
            },
            {
              "function": "minecraft:set_nbt",
              "tag": "{dnl:{bossbar_id:5}}",
              "conditions": [
                {
                  "condition": "minecraft:entity_scores",
                  "entity": "this",
                  "scores": {
                    "dnl.bossbar_id": 5
                  }
                }
              ]
            },
            {
              "function": "minecraft:set_nbt",
              "tag": "{dnl:{bossbar_id:6}}",
              "conditions": [
                {
                  "condition": "minecraft:entity_scores",
                  "entity": "this",
                  "scores": {
                    "dnl.bossbar_id": 6
                  }
                }
              ]
            },
            {
              "function": "minecraft:set_nbt",
              "tag": "{dnl:{bossbar_id:7}}",
              "conditions": [
                {
                  "condition": "minecraft:entity_scores",
                  "entity": "this",
                  "scores": {
                    "dnl.bossbar_id": 7
                  }
                }
              ]
            },
            {
              "function": "minecraft:set_nbt",
              "tag": "{dnl:{bossbar_id:8}}",
              "conditions": [
                {
                  "condition": "minecraft:entity_scores",
                  "entity": "this",
                  "scores": {
                    "dnl.bossbar_id": 8
                  }
                }
              ]
            },
            {
              "function": "minecraft:set_nbt",
              "tag": "{dnl:{bossbar_id:9}}",
              "conditions": [
                {
                  "condition": "minecraft:entity_scores",
                  "entity": "this",
                  "scores": {
                    "dnl.bossbar_id": 9
                  }
                }
              ]
            }
          ]
        }
      ]
    }
  ]
}
