{
  "display": {
    "icon": {
      "item": "minecraft:painting"
    },
    "title": {
      "translate": "Illusionist"
    },
    "description": {
      "translate": "Find and stop the mastermind of illegers from raiding the villages"
    },
    "frame": "task",
    "show_toast": true,
    "announce_to_chat": true,
    "hidden": false
  },
  "parent": "dnl:story/structures/gallery_of_illusion/locate",
  "criteria": {
    "killed_illusionist": {
      "trigger": "minecraft:impossible"
    }
  },
  "requirements": [
    [
      "killed_illusionist"
    ]
  ]
}
