{
  "pools": [
    {
      "rolls": 1,
      "entries": [
        {
          "type": "minecraft:item",
          "name": "minecraft:netherite_axe",
          "functions": [
            {
              "function": "minecraft:set_name",
              "entity": "this",
              "name": {
                "translate": "Ancient Axe",
                "color": "#FFAA00",
                "italic": false
              }
            },
            {
              "function": "minecraft:set_lore",
              "entity": "this",
              "lore": [
                {
                  "translate": "Ram Attack",
                  "color": "#AAAAAA",
                  "italic": false
                },
                {
                  "translate": "Deals 4 extra damage while",
                  "color": "#555555",
                  "italic": false
                },
                {
                  "translate": "sprinting.",
                  "color": "#555555",
                  "italic": false
                }
              ]
            },
            {
              "function": "minecraft:set_nbt",
              "tag": "{dnl: {name: 'ancient_axe', item: 1, id: 1001}}"
            }
          ]
        }
      ]
    }
  ]
}
