{
  "pools": [
    {
      "rolls": 1,
      "entries": [
        {
          "type": "minecraft:item",
          "name": "minecraft:white_banner",
          "functions": [
            {
              "function": "minecraft:set_name",
              "entity": "this",
              "name": {
                "translate": "Cleric Z Banner",
                "color": "#FFAA00",
                "italic": false
              }
            },
            {
              "function": "minecraft:set_nbt",
              "tag": "{BlockEntityTag:{Patterns:[{Pattern:\"mr\",Color:14},{Pattern:\"bs\",Color:13},{Pattern:\"cs\",Color:7},{Pattern:\"bo\",Color:13},{Pattern:\"ms\",Color:15},{Pattern:\"hh\",Color:13},{Pattern:\"mc\",Color:13},{Pattern:\"bo\",Color:15}]}}"
            }
          ]
        }
      ]
    }
  ]
}
