{
  "pools": [
    {
      "rolls": 1,
      "entries": [
        {
          "type": "minecraft:item",
          "name": "minecraft:gold_ingot",
          "functions": [
            {
              "function": "minecraft:set_name",
              "entity": "this",
              "name": {
                "translate": "Honeycomb Ingot",
                "color": "#FFAA00",
                "italic": false
              }
            },
            {
              "function": "minecraft:set_lore",
              "entity": "this",
              "lore": [
                {
                  "translate": "Enhanced Gold Ingot",
                  "color": "#AAAAAA",
                  "italic": false
                }
              ]
            },
            {
              "function": "minecraft:set_nbt",
              "tag": "{CustomModelData: 4048002, dnl: {name: 'honeycomb_ingot', item: 1, id: 8002}}"
            }
          ]
        }
      ]
    }
  ]
}
