{
  "pools": [
    {
      "rolls": 1,
      "entries": [
        {
          "type": "minecraft:item",
          "name": "minecraft:crossbow",
          "functions": [
            {
              "function": "minecraft:set_name",
              "entity": "this",
              "name": {
                "translate": "Royal Ominous Crossbow",
                "color": "#FFAA00",
                "italic": false
              }
            },
            {
              "function": "minecraft:set_lore",
              "entity": "this",
              "lore": [
                {
                  "translate": "Arrow Explosion",
                  "color": "#AAAAAA",
                  "italic": false
                },
                {
                  "translate": "All shot fireworks are loaded with",
                  "color": "#555555",
                  "italic": false
                },
                {
                  "translate": "firework star. When firework",
                  "color": "#555555",
                  "italic": false
                },
                {
                  "translate": "explodes without colliding, it",
                  "color": "#555555",
                  "italic": false
                },
                {
                  "translate": "will rain arrows.",
                  "color": "#555555",
                  "italic": false
                }
              ]
            },
            {
              "function": "minecraft:set_nbt",
              "tag": "{CustomModelData: 4040007, dnl: {name: 'royal_ominous_crossbow', item: 1, id: 7}}"
            }
          ]
        }
      ]
    }
  ]
}
