{
  "type": "minecraft:generic",
  "pools": [
    {
      "rolls": 1,
      "entries": [
        {
          "type": "minecraft:item",
          "name": "minecraft:honey_bottle",
          "functions": [
            {
              "function": "minecraft:set_name",
              "entity": "this",
              "name": {
                "translate": "Royal Honey Potion",
                "color": "#FF55FF",
                "italic": false
              }
            },
            {
              "function": "minecraft:set_lore",
              "entity": "this",
              "lore": [
                {
                  "translate": "When Consumed:",
                  "color": "#AAAAAA",
                  "italic": false
                },
                {
                  "translate": "Instant Health III",
                  "color": "#555555",
                  "italic": false
                },
                {
                  "translate": "Cure Poison",
                  "color": "#555555",
                  "italic": false
                },
                {
                  "translate": "Cure Wither",
                  "color": "#555555",
                  "italic": false
                }
              ]
            },
            {
              "function": "minecraft:set_nbt",
              "tag": "{dnl: {name: 'royal_honey_potion', item: 1, id: 5006}}"
            },
            {
              "function": "minecraft:set_nbt",
              "tag": "{CustomPotionColor:16763190}"
            }
          ]
        }
      ]
    }
  ]
}
