{
  "pools": [
    {
      "rolls": 1,
      "entries": [
        {
          "type": "minecraft:item",
          "name": "minecraft:rotten_flesh",
          "functions": [
            {
              "function": "minecraft:set_name",
              "entity": "this",
              "name": {
                "translate": "Staring Flesh",
                "color": "#FFAA00",
                "italic": false
              }
            },
            {
              "function": "minecraft:set_lore",
              "entity": "this",
              "lore": [
                {
                  "translate": "Enhanced Rotten Flesh",
                  "color": "#AAAAAA",
                  "italic": false
                }
              ]
            },
            {
              "function": "minecraft:set_nbt",
              "tag": "{CustomModelData: 4048009, dnl: {name: 'staring_flesh', item: 1, id: 8009}}"
            }
          ]
        }
      ]
    }
  ]
}
