{
	"type": "minecraft:vegetation_patch",
	"config": {
		"surface": "floor",
		"depth": 3,
		"vertical_range": 2,
		"extra_bottom_block_chance": 0.8,
		"extra_edge_column_chance": 0.7,
		"vegetation_chance": 0.02,
		"xz_radius": {
			"type": "minecraft:uniform",
			"value": {
				"min_inclusive": 3,
				"max_inclusive": 5
			}
		},
		"replaceable": "#minecraft:lush_ground_replaceable",
		"ground_state": {
			"type": "minecraft:simple_state_provider",
			"state": {
				"Name": "minecraft:moss_block"
			}
		},
		"vegetation_feature": {
			"feature": {
				"type": "minecraft:random_selector",
				"config": {
					"features": [
						{
							"chance": 0.2137,
							"feature": {
								"feature": {
									"type": "minecraft:simple_random_selector",
									"config": {
										"features": [
											{
												"feature": {
													"type": "minecraft:huge_red_mushroom",
													"config": {
														"cap_provider": {
															"type": "minecraft:simple_state_provider",
															"state": {
																"Name": "minecraft:warped_wart_block"
															}
														},
														"stem_provider": {
															"type": "minecraft:simple_state_provider",
															"state": {
																"Name": "minecraft:warped_stem",
																"Properties": {
																	"axis": "y"
																}
															}
														},
														"foliage_radius": 1
													}
												},
												"placement": []
											},
											{
												"feature": {
													"type": "minecraft:tree",
													"config": {
														"minimum_size": {
															"type": "minecraft:two_layers_feature_size"
														},
														"dirt_provider": {
															"type": "minecraft:simple_state_provider",
															"state": {
																"Name": "minecraft:rooted_dirt"
															}
														},
														"trunk_provider": {
															"type": "minecraft:simple_state_provider",
															"state": {
																"Name": "minecraft:warped_hyphae",
																"Properties": {
																	"axis": "y"
																}
															}
														},
														"foliage_provider": {
															"type": "minecraft:simple_state_provider",
															"state": {
																"Name": "minecraft:warped_wart_block"
															}
														},
														"trunk_placer": {
															"type": "minecraft:forking_trunk_placer",
															"base_height": 5,
															"height_rand_a": 0,
															"height_rand_b": 3
														},
														"foliage_placer": {
															"type": "minecraft:fancy_foliage_placer",
															"radius": 1,
															"offset": 0,
															"height": 2
														},
														"decorators": [
															{
																"type": "minecraft:leave_vine",
																"probability": 0.12
															}
														]
													}
												},
												"placement": []
											}
										]
									}
								},
								"placement": []
							}
						},
						{
							"chance": 0.56,
							"feature": {
								"feature": "minecraft:dripleaf",
								"placement": []
							}
						},
						{
							"chance": 0.78,
							"feature": {
								"feature": {
									"type": "minecraft:twisting_vines",
									"config": {
										"spread_width": 3,
										"spread_height": 3,
										"max_height": 5
									}
								},
								"placement": []
							}
						}
					],
					"default": "far_end:nothing"
				}
			},
			"placement": []
		}
	}
}
