{
  "type": "minecraft:entity",
  "pools": [
    {
      "rolls": 1,
      "entries": [
        {
          "type": "minecraft:loot_table",
          "name": "dnl:item/ancient_sword"
        },
        {
          "type": "minecraft:loot_table",
          "name": "dnl:item/ancient_axe"
        },
        {
          "type": "minecraft:loot_table",
          "name": "dnl:item/ancient_pickaxe"
        },
        {
          "type": "minecraft:loot_table",
          "name": "dnl:item/ancient_shield"
        },
        {
          "type": "minecraft:loot_table",
          "name": "dnl:item/ancient_bow"
        }
      ]
    },
    {
      "rolls": 1,
      "entries": [
        {
          "type": "minecraft:loot_table",
          "name": "dnl:item/forbidden_melon",
          "functions": [
            {
              "function": "minecraft:set_count",
              "count": 1
            }
          ]
        }
      ]
    },
    {
      "rolls": 1,
      "entries": [
        {
          "type": "minecraft:loot_table",
          "name": "dnl:item/crown_of_olympus",
          "functions": [
            {
              "function": "minecraft:set_count",
              "count": 1
            }
          ]
        }
      ]
    },
    {
      "rolls": 1,
      "entries": [
        {
          "type": "minecraft:item",
          "name": "minecraft:netherite_scrap",
          "functions": [
            {
              "function": "minecraft:set_count",
              "count": {
                "min": 8,
                "max": 16
              }
            }
          ]
        }
      ]
    },
    {
      "rolls": 1,
      "entries": [
        {
          "type": "minecraft:item",
          "name": "minecraft:player_head",
          "functions": [
            {
              "function": "minecraft:set_nbt",
              "tag": "{SkullOwner:{Id:[I;515157811,511200210,-1116696388,-1312666365],Properties:{textures:[{Value:'eyJ0ZXh0dXJlcyI6eyJTS0lOIjp7InVybCI6Imh0dHA6Ly90ZXh0dXJlcy5taW5lY3JhZnQubmV0L3RleHR1cmUvNjQ4ZmE5NGNkZGIyNGIzODQ1MzI4MTM1MWU1OGJiZTM2OGYzMzY1ZGI4ZDc2ZTQ2NDgxNzcxYjIwMjM1Mjk4NiJ9fX0='}]}}}"
            },
            {
              "function": "minecraft:set_name",
              "entity": "this",
              "name": {
                "translate": "The Champion's Head",
                "italic": false
              }
            }
          ]
        }
      ]
    },
    {
      "rolls": 1,
      "entries": [
        {
          "type": "minecraft:item",
          "name": "minecraft:bone",
          "functions": [
            {
              "function": "minecraft:set_count",
              "count": {
                "min": 10,
                "max": 20
              }
            }
          ]
        }
      ]
    },
    {
      "rolls": 1,
      "entries": [
        {
          "type": "minecraft:loot_table",
          "name": "dnl:maps/temple_of_tears"
        }
      ]
    }
  ]
}
