{
  "display": {
    "icon": {
      "item": "minecraft:crossbow"
    },
    "title": {
      "translate": "Station Chief"
    },
    "description": {
      "translate": "Take back the Station!"
    },
    "frame": "task",
    "show_toast": true,
    "announce_to_chat": true,
    "hidden": false
  },
  "parent": "dnl:story/structures/railway_outpost/locate",
  "criteria": {
    "killed_station_chief": {
      "trigger": "minecraft:impossible"
    }
  },
  "requirements": [
    [
      "killed_station_chief"
    ]
  ]
}
