{
  "display": {
    "icon": {
      "item": "minecraft:red_mushroom_block"
    },
    "title": {
      "translate": "Cleric's Hideout"
    },
    "description": {
      "translate": "Find the hidden laboratory"
    },
    "frame": "goal",
    "show_toast": true,
    "announce_to_chat": true,
    "hidden": false
  },
  "parent": "dnl:story/themes/illager/locate",
  "criteria": {
    "locate_cleric_hideout": {
      "trigger": "minecraft:location",
      "conditions": {
        "player": {
          "location": {
            "structure": "dnl:cleric_hideout"
          }
        }
      }
    }
  },
  "requirements": [
    [
      "locate_cleric_hideout"
    ]
  ]
}
