{
  "display": {
    "icon": {
      "item": "minecraft:golden_apple"
    },
    "title": {
      "translate": "Villager Doctor"
    },
    "description": {
      "translate": "Weaken and then cure Cleric \"Z\""
    },
    "frame": "challenge",
    "show_toast": true,
    "announce_to_chat": true,
    "hidden": false
  },
  "parent": "dnl:story/structures/cleric_hideout/cleric_z",
  "criteria": {
    "cure_cleric_z": {
      "trigger": "minecraft:impossible"
    }
  },
  "requirements": [
    [
      "cure_cleric_z"
    ]
  ]
}
