{
  "display": {
    "icon": {
      "item": "minecraft:chiseled_stone_bricks"
    },
    "title": {
      "translate": "Olympus"
    },
    "description": {
      "translate": "Find the ancient jungle pyramid"
    },
    "frame": "goal",
    "show_toast": true,
    "announce_to_chat": true,
    "hidden": false
  },
  "parent": "dnl:story/general/locate_dungeon",
  "criteria": {
    "locate_olympus": {
      "trigger": "minecraft:location",
      "conditions": {
        "player": {
          "location": {
            "structure": "dnl:olympus"
          }
        }
      }
    }
  },
  "requirements": [
    [
      "locate_olympus"
    ]
  ]
}
