{
  "display": {
    "icon": {
      "item": "minecraft:netherite_axe",
      "nbt": "{CustomModelData:15002}"
    },
    "title": {
      "translate": "Recollecting the Past"
    },
    "description": {
      "translate": "Construct one of each ancient tools and weapons"
    },
    "frame": "task",
    "show_toast": true,
    "announce_to_chat": true,
    "hidden": false
  },
  "parent": "dnl:story/structures/olympus/reforging_the_artifact",
  "criteria": {
    "ancient sword": {
      "trigger": "minecraft:inventory_changed",
      "conditions": {
        "items": [
          {
            "items": [
              "minecraft:netherite_sword"
            ],
            "nbt": "{dnl: { name:'ancient_sword'}}"
          }
        ]
      }
    },
    "ancient axe": {
      "trigger": "minecraft:inventory_changed",
      "conditions": {
        "items": [
          {
            "items": [
              "minecraft:netherite_axe"
            ],
            "nbt": "{dnl: { name:'ancient_axe'}}"
          }
        ]
      }
    },
    "ancient bow": {
      "trigger": "minecraft:inventory_changed",
      "conditions": {
        "items": [
          {
            "items": [
              "minecraft:bow"
            ],
            "nbt": "{dnl: { name:'ancient_bow'}}"
          }
        ]
      }
    },
    "ancient pickaxe": {
      "trigger": "minecraft:inventory_changed",
      "conditions": {
        "items": [
          {
            "items": [
              "minecraft:shield"
            ],
            "nbt": "{dnl: { name:'ancient_shield'}}"
          }
        ]
      }
    },
    "ancient shield": {
      "trigger": "minecraft:inventory_changed",
      "conditions": {
        "items": [
          {
            "items": [
              "minecraft:netherite_pickaxe"
            ],
            "nbt": "{dnl: { name:'ancient_pickaxe'}}"
          }
        ]
      }
    }
  },
  "requirements": [
    [
      "ancient shield"
    ],
    [
      "ancient axe"
    ],
    [
      "ancient bow"
    ],
    [
      "ancient pickaxe"
    ],
    [
      "ancient sword"
    ]
  ]
}
