{
  "condition": "minecraft:inverted",
  "term": {
    "condition": "minecraft:any_of",
    "terms": [
      {
        "condition": "minecraft:inverted",
        "term": {
          "condition": "minecraft:any_of",
          "terms": [
            {
              "condition": "minecraft:reference",
              "name": "thewii:immersive/biome/on_river"
            },
            {
              "condition": "minecraft:reference",
              "name": "thewii:immersive/biome/on_ocean"
            }
          ]
        }
      },
      {
        "condition": "minecraft:inverted",
        "term": {
          "condition": "minecraft:location_check",
          "offsetY": 2,
          "predicate": {
            "fluid": {
              "fluid": "minecraft:water"
            }
          }
        }
      }
    ]
  }
}
