{
	"type": "minecraft:jigsaw",
	"biomes": "#minecraft:has_structure/stronghold",
	"step": "surface_structures",
	"spawn_overrides": {
		"monster": {
			"bounding_box": "piece",
			"spawns": [
				{
					"type": "minecraft:pillager",
					"weight": 3,
					"minCount": 4,
					"maxCount": 4
				},
				{
					"type": "minecraft:vindicator",
					"weight": 3,
					"minCount": 4,
					"maxCount": 4
				},
				{
					"type": "minecraft:evoker",
					"weight": 3,
					"minCount": 1,
					"maxCount": 2
				},
				{
					"type": "minecraft:witch",
					"weight": 3,
					"minCount": 4,
					"maxCount": 4
				},
				{
					"type": "minecraft:illusioner",
					"weight": 3,
					"minCount": 3,
					"maxCount": 3
				}
			]
		}
	},
	"terrain_adaptation": "bury",
	"start_pool": "stellarity:stronghold/portal_room",
	"size": 7,
	"start_height": {
		"type": "minecraft:uniform",
		"min_inclusive": {
			"above_bottom": 50
		},
		"max_inclusive": {
			"absolute": 25
		}
	},
	"max_distance_from_center": 115,
	"use_expansion_hack": false
}
