{
  "display": {
    "title": [
      {
        "text": "[v2.5.1] ",
        "color": "dark_green"
      },
      {
        "text": "Immersive Soundscapes",
        "color": "green"
      }
    ],
    "description": [
      {
        "text": "Athmospheric sound generator.",
        "color": "white"
      },
      {
        "translate": "\n\n[twis] Resource Pack is missing.",
        "color": "red"
      }
    ],
    "icon": {
      "item": "minecraft:music_disc_cat"
    },
    "announce_to_chat": false,
    "show_toast": false
  },
  "parent": "global:thewii",
  "criteria": {
    "trigger": {
      "trigger": "minecraft:tick"
    }
  }
}
