{
	"pools": [
		{
			"rolls": {
				"min": 0,
				"max": 2
			},
			"entries": [
				{
					"type": "minecraft:item",
					"name": "minecraft:bread",
					"functions": [
						{
							"function": "minecraft:set_count",
							"count": {
								"min": 0,
								"max": 2
							}
						}
					]
				},
				{
					"type": "minecraft:item",
					"weight": 2,
					"name": "minecraft:apple",
					"functions": [
						{
							"function": "minecraft:set_count",
							"count": {
								"min": 1,
								"max": 2
							}
						}
					]
				},
				{
					"type": "minecraft:item",
					"name": "minecraft:feather",
					"functions": [
						{
							"function": "minecraft:set_count",
							"count": {
								"min": 0,
								"max": 1
							}
						}
					]
				},
				{
					"type": "minecraft:item",
					"quality": 1,
					"name": "minecraft:amethyst_shard",
					"functions": [
						{
							"function": "minecraft:set_count",
							"count": {
								"min": 1,
								"max": 2
							}
						}
					]
				}
			]
		}
	]
}
