{
	"type": "minecraft:chest",
	"pools": [
		{
			"rolls": {
				"type": "minecraft:uniform",
				"min": 4,
				"max": 6
			},
			"bonus_rolls": 0,
			"entries": [
				{
					"type": "minecraft:item",
					"name": "minecraft:gold_nugget",
					"functions": [
						{
							"function": "minecraft:set_count",
							"count": {
								"type": "minecraft:uniform",
								"min": 1,
								"max": 3
							},
							"add": false
						}
					]
				},
				{
					"type": "minecraft:item",
					"name": "minecraft:iron_nugget",
					"functions": [
						{
							"function": "minecraft:set_count",
							"count": {
								"type": "minecraft:uniform",
								"min": 1,
								"max": 3
							},
							"add": false
						}
					]
				},
				{
					"type": "minecraft:item",
					"name": "minecraft:book"
				},
				{
					"type": "minecraft:item",
					"name": "minecraft:feather"
				},
				{
					"type": "minecraft:item",
					"name": "minecraft:string"
				},
				{
					"type": "minecraft:item",
					"name": "minecraft:lantern"
				},
				{
					"type": "minecraft:item",
					"name": "minecraft:emerald"
				}
			]
		}
	]
}
