{
  "display": {
    "icon": {
      "item": "minecraft:iron_nugget",
      "nbt": "{CustomModelData:4048008}"
    },
    "title": {
      "translate": "Chaos Spawner"
    },
    "description": {
      "translate": "Defeat the Chaos Spawner"
    },
    "frame": "challenge",
    "show_toast": true,
    "announce_to_chat": true,
    "hidden": false
  },
  "parent": "dnl:story/structures/labyrinth/open_spawner_chest",
  "criteria": {
    "killed_chaos_spawner": {
      "trigger": "minecraft:impossible"
    }
  },
  "requirements": [
    [
      "killed_chaos_spawner"
    ]
  ]
}
