{
  "pools": [
    {
      "rolls": 1,
      "entries": [
        {
          "type": "minecraft:loot_table",
          "weight": 1,
          "name": "dnl:item/ominous_axe"
        },
        {
          "type": "minecraft:loot_table",
          "weight": 1,
          "name": "dnl:item/ominous_crossbow"
        },
        {
          "type": "minecraft:loot_table",
          "weight": 1,
          "name": "dnl:item/ominous_horn"
        }
      ]
    },
    {
      "rolls": 1,
      "entries": [
        {
          "type": "minecraft:loot_table",
          "name": "dnl:item/forbidden_apple"
        }
      ]
    },
    {
      "rolls": 1,
      "entries": [
        {
          "type": "minecraft:item",
          "name": "minecraft:emerald",
          "functions": [
            {
              "function": "minecraft:set_count",
              "count": {
                "min": 32,
                "max": 64
              }
            }
          ]
        }
      ]
    }
  ]
}
