{
	"type": "minecraft:chest",
	"pools": [
		{
			"rolls": {
				"min": 0,
				"max": 2
			},
			"entries": [
				{
					"type": "minecraft:item",
					"weight": 3,
					"name": "minecraft:golden_carrot",
					"functions": [
						{
							"function": "minecraft:set_count",
							"count": {
								"min": 1,
								"max": 3
							}
						}
					]
				},
				{
					"type": "minecraft:item",
					"weight": 3,
					"name": "minecraft:golden_apple"
				}
			]
		},
		{
			"rolls": 3,
			"bonus_rolls": 0,
			"entries": [
				{
					"type": "minecraft:item",
					"weight": 20,
					"name": "minecraft:iron_ingot",
					"functions": [
						{
							"function": "minecraft:set_count",
							"count": {
								"min": 1,
								"max": 2
							},
							"add": false
						}
					]
				},
				{
					"type": "minecraft:item",
					"weight": 10,
					"name": "minecraft:gold_ingot",
					"functions": [
						{
							"function": "minecraft:set_count",
							"count": {
								"min": 1,
								"max": 2
							},
							"add": false
						}
					]
				},
				{
					"type": "minecraft:item",
					"weight": 2,
					"name": "minecraft:diamond",
					"functions": [
						{
							"function": "minecraft:set_count",
							"count": 1
						}
					]
				},
				{
					"type": "minecraft:item",
					"weight": 5,
					"name": "minecraft:emerald",
					"functions": [
						{
							"function": "minecraft:set_count",
							"count": {
								"min": 1,
								"max": 3
							}
						}
					]
				}
			]
		},
		{
			"rolls": 1,
			"bonus_rolls": 0,
			"entries": [
				{
					"type": "minecraft:loot_table",
					"name": "stellarity:treasure_heads"
				}
			],
			"conditions": [
				{
					"condition": "minecraft:random_chance",
					"chance": 0.25
				}
			]
		},
		{
			"rolls": {
				"min": 0,
				"max": 2
			},
			"entries": [
				{
					"type": "minecraft:item",
					"name": "minecraft:diamond_sword",
					"functions": [
						{
							"function": "minecraft:enchant_with_levels",
							"levels": {
								"min": 25,
								"max": 39
							},
							"treasure": true
						},
						{
							"function": "minecraft:set_damage",
							"damage": {
								"min": 0.4,
								"max": 0.86
							}
						}
					]
				},
				{
					"type": "minecraft:item",
					"name": "minecraft:diamond_helmet",
					"functions": [
						{
							"function": "minecraft:enchant_with_levels",
							"levels": {
								"min": 25,
								"max": 39
							},
							"treasure": true
						},
						{
							"function": "minecraft:set_damage",
							"damage": {
								"min": 0.4,
								"max": 0.86
							}
						}
					]
				},
				{
					"type": "minecraft:item",
					"name": "minecraft:diamond_chestplate",
					"functions": [
						{
							"function": "minecraft:enchant_with_levels",
							"levels": {
								"min": 25,
								"max": 39
							},
							"treasure": true
						},
						{
							"function": "minecraft:set_damage",
							"damage": {
								"min": 0.4,
								"max": 0.86
							}
						}
					]
				},
				{
					"type": "minecraft:item",
					"name": "minecraft:diamond_leggings",
					"functions": [
						{
							"function": "minecraft:enchant_with_levels",
							"levels": {
								"min": 25,
								"max": 39
							},
							"treasure": true
						},
						{
							"function": "minecraft:set_damage",
							"damage": {
								"min": 0.4,
								"max": 0.86
							}
						}
					]
				},
				{
					"type": "minecraft:item",
					"name": "minecraft:diamond_boots",
					"functions": [
						{
							"function": "minecraft:enchant_with_levels",
							"levels": {
								"min": 25,
								"max": 39
							},
							"treasure": true
						},
						{
							"function": "minecraft:set_damage",
							"damage": {
								"min": 0.4,
								"max": 0.86
							}
						}
					]
				},
				{
					"type": "minecraft:item",
					"name": "minecraft:diamond_axe",
					"functions": [
						{
							"function": "minecraft:enchant_with_levels",
							"levels": {
								"min": 25,
								"max": 39
							},
							"treasure": true
						},
						{
							"function": "minecraft:set_damage",
							"damage": {
								"min": 0.4,
								"max": 0.86
							}
						}
					]
				},
				{
					"type": "minecraft:item",
					"name": "minecraft:diamond_pickaxe",
					"functions": [
						{
							"function": "minecraft:enchant_with_levels",
							"levels": {
								"min": 25,
								"max": 39
							},
							"treasure": true
						},
						{
							"function": "minecraft:set_damage",
							"damage": {
								"min": 0.4,
								"max": 0.86
							}
						}
					]
				},
				{
					"type": "minecraft:item",
					"name": "minecraft:diamond_shovel",
					"functions": [
						{
							"function": "minecraft:enchant_with_levels",
							"levels": {
								"min": 25,
								"max": 39
							},
							"treasure": true
						},
						{
							"function": "minecraft:set_damage",
							"damage": {
								"min": 0.4,
								"max": 0.86
							}
						}
					]
				},
				{
					"type": "minecraft:item",
					"weight": 2,
					"name": "minecraft:diamond_hoe",
					"functions": [
						{
							"function": "minecraft:enchant_with_levels",
							"levels": {
								"min": 25,
								"max": 39
							},
							"treasure": true
						},
						{
							"function": "minecraft:set_damage",
							"damage": {
								"min": 0.4,
								"max": 0.86
							}
						}
					]
				}
			]
		}
	]
}
