{
  "type": "minecraft:chest",
  "pools": [
    {
      "rolls": 1,
      "entries": [
        {
          "type": "minecraft:item",
          "name": "minecraft:player_head",
          "functions": [
            {
              "function": "minecraft:set_nbt",
              "tag": "{dnl:{name:'checkpoint_player_head',item:1,id:4001},SkullOwner:\"16hir0\",display:{Name:'{\"translate\":\"16hir0\\'s Head\",\"color\":\"yellow\",\"italic\":false}',Lore:['{\"translate\":\"this is the best datapack i add to my\",\"color\":\"gray\",\"italic\":false}','{\"translate\":\"server so far. if u find it tell me\",\"color\":\"gray\",\"italic\":false}','{\"translate\":\"16hir0#2514\",\"color\":\"gray\",\"italic\":false}']}}"
            }
          ]
        }
      ]
    }
  ]
}
