{
  "type": "minecraft:chest",
  "pools": [
    {
      "rolls": 1,
      "entries": [
        {
          "type": "minecraft:item",
          "name": "minecraft:player_head",
          "functions": [
            {
              "function": "minecraft:set_nbt",
              "tag": "{dnl:{name:'checkpoint_player_head',item:1,id:4001},SkullOwner:\"73mm1n\",display:{Name:'{\"translate\":\"73mm1n\\'s Head\",\"color\":\"yellow\",\"italic\":false}',Lore:['{\"translate\":\"hello there you found me, now find the\",\"color\":\"gray\",\"italic\":false}','{\"translate\":\"other 72 mm1ns, also here\\'s a kiss for\",\"color\":\"gray\",\"italic\":false}','{\"translate\":\"finding me :3\",\"color\":\"gray\",\"italic\":false}']}}"
            }
          ]
        }
      ]
    }
  ]
}
