{
  "type": "minecraft:chest",
  "pools": [
    {
      "rolls": 1,
      "entries": [
        {
          "type": "minecraft:item",
          "name": "minecraft:player_head",
          "functions": [
            {
              "function": "minecraft:set_nbt",
              "tag": "{dnl:{name:'checkpoint_player_head',item:1,id:4001},SkullOwner:\"Azael_Ijima\",display:{Name:'{\"translate\":\"Azael_Ijima\\'s Head\",\"color\":\"#FFA200\",\"italic\":false}',Lore:['{\"translate\":\"[Patron]\",\"color\":\"red\",\"italic\":false}','{\"translate\":\"Remember to stay hydrated.. I didn\\'t and\",\"color\":\"gray\",\"italic\":false}','{\"translate\":\"look what happened to me.\",\"color\":\"gray\",\"italic\":false}']}}"
            }
          ]
        }
      ]
    }
  ]
}
