{
  "type": "minecraft:chest",
  "pools": [
    {
      "rolls": 1,
      "entries": [
        {
          "type": "minecraft:item",
          "name": "minecraft:player_head",
          "functions": [
            {
              "function": "minecraft:set_nbt",
              "tag": "{dnl:{name:'checkpoint_player_head',item:1,id:4001},SkullOwner:\"DoctorEvil445\",display:{Name:'{\"translate\":\"DoctorEvil445\\'s Head\",\"color\":\"yellow\",\"italic\":false}',Lore:['{\"translate\":\"Do u kno de wae?\",\"color\":\"gray\",\"italic\":false}']}}"
            }
          ]
        }
      ]
    }
  ]
}
