{
  "type": "minecraft:chest",
  "pools": [
    {
      "rolls": 1,
      "entries": [
        {
          "type": "minecraft:item",
          "name": "minecraft:player_head",
          "functions": [
            {
              "function": "minecraft:set_nbt",
              "tag": "{dnl:{name:'checkpoint_player_head',item:1,id:4001},SkullOwner:\"Elithris\",display:{Name:'{\"translate\":\"Elithris\\'s Head\",\"color\":\"yellow\",\"italic\":false}',Lore:['{\"translate\":\"throw this into lava it\\'ll be funny bro\",\"color\":\"gray\",\"italic\":false}','{\"translate\":\"trust me\",\"color\":\"gray\",\"italic\":false}']}}"
            }
          ]
        }
      ]
    }
  ]
}
