{
  "type": "minecraft:chest",
  "pools": [
    {
      "rolls": 1,
      "entries": [
        {
          "type": "minecraft:item",
          "name": "minecraft:player_head",
          "functions": [
            {
              "function": "minecraft:set_nbt",
              "tag": "{dnl:{name:'checkpoint_player_head',item:1,id:4001},SkullOwner:\"flamingbutter05\",display:{Name:'{\"translate\":\"flamingbutter05\\'s Head\",\"color\":\"yellow\",\"italic\":false}',Lore:['{\"translate\":\"You have been cursed!! Share this to 10\",\"color\":\"gray\",\"italic\":false}','{\"translate\":\"players or herobrine will haunt your\",\"color\":\"gray\",\"italic\":false}','{\"translate\":\"world!!!\",\"color\":\"gray\",\"italic\":false}']}}"
            }
          ]
        }
      ]
    }
  ]
}
