{
  "type": "minecraft:chest",
  "pools": [
    {
      "rolls": 1,
      "entries": [
        {
          "type": "minecraft:item",
          "name": "minecraft:player_head",
          "functions": [
            {
              "function": "minecraft:set_nbt",
              "tag": "{dnl:{name:'checkpoint_player_head',item:1,id:4001},SkullOwner:\"fogggyhead\",display:{Name:'{\"translate\":\"fogggyhead\\'s Head\",\"color\":\"yellow\",\"italic\":false}',Lore:['{\"translate\":\"I\\'m sure there are aspects of my\",\"color\":\"gray\",\"italic\":false}','{\"translate\":\"personality buried within me that will\",\"color\":\"gray\",\"italic\":false}','{\"translate\":\"surface as soon as I know I am\",\"color\":\"gray\",\"italic\":false}','{\"translate\":\"completely loved\",\"color\":\"gray\",\"italic\":false}']}}"
            }
          ]
        }
      ]
    }
  ]
}
