{
  "type": "minecraft:chest",
  "pools": [
    {
      "rolls": 1,
      "entries": [
        {
          "type": "minecraft:item",
          "name": "minecraft:player_head",
          "functions": [
            {
              "function": "minecraft:set_nbt",
              "tag": "{dnl:{name:'checkpoint_player_head',item:1,id:4001},SkullOwner:\"Jwoob\",display:{Name:'{\"translate\":\"Jwoob\\'s Head\",\"color\":\"light_purple\",\"italic\":false}',Lore:['{\"translate\":\"[Server Booster]\",\"color\":\"red\",\"italic\":false}','{\"translate\":\"LOOK DAVID, IM IN A DATAPACK\",\"color\":\"gray\",\"italic\":false}']}}"
            }
          ]
        }
      ]
    }
  ]
}
