{
  "type": "minecraft:chest",
  "pools": [
    {
      "rolls": 1,
      "entries": [
        {
          "type": "minecraft:item",
          "name": "minecraft:player_head",
          "functions": [
            {
              "function": "minecraft:set_nbt",
              "tag": "{dnl:{name:'checkpoint_player_head',item:1,id:4001},SkullOwner:\"Kaarter\",display:{Name:'{\"translate\":\"Kaarter\\'s Head\",\"color\":\"yellow\",\"italic\":false}',Lore:['{\"translate\":\"Slainte. When you invest in pud, you\",\"color\":\"gray\",\"italic\":false}','{\"translate\":\"invest in your friends\",\"color\":\"gray\",\"italic\":false}']}}"
            }
          ]
        }
      ]
    }
  ]
}
