{
  "type": "minecraft:chest",
  "pools": [
    {
      "rolls": 1,
      "entries": [
        {
          "type": "minecraft:item",
          "name": "minecraft:player_head",
          "functions": [
            {
              "function": "minecraft:set_nbt",
              "tag": "{dnl:{name:'checkpoint_player_head',item:1,id:4001},SkullOwner:\"NarwhalsEatToast\",display:{Name:'{\"translate\":\"NarwhalsEatToast\\'s Head\",\"color\":\"yellow\",\"italic\":false}',Lore:['{\"translate\":\"Slipped on a piece of bread, Lost my\",\"color\":\"gray\",\"italic\":false}','{\"translate\":\"really hungry head. Now I am here to\",\"color\":\"gray\",\"italic\":false}','{\"translate\":\"stay, In a chest that\\'s really gray.\",\"color\":\"gray\",\"italic\":false}']}}"
            }
          ]
        }
      ]
    }
  ]
}
