{
  "type": "minecraft:chest",
  "pools": [
    {
      "rolls": 1,
      "entries": [
        {
          "type": "minecraft:item",
          "name": "minecraft:player_head",
          "functions": [
            {
              "function": "minecraft:set_nbt",
              "tag": "{dnl:{name:'checkpoint_player_head',item:1,id:4001},SkullOwner:\"OtherMongrel\",display:{Name:'{\"translate\":\"OtherMongrel\\'s Head\",\"color\":\"yellow\",\"italic\":false}',Lore:['{\"translate\":\"I wish upon you not to suffer the same\",\"color\":\"gray\",\"italic\":false}','{\"translate\":\"fate as I, dying a thousand deaths is\",\"color\":\"gray\",\"italic\":false}','{\"translate\":\"not a fun ordeal.\",\"color\":\"gray\",\"italic\":false}']}}"
            }
          ]
        }
      ]
    }
  ]
}
