{
  "type": "minecraft:chest",
  "pools": [
    {
      "rolls": 1,
      "entries": [
        {
          "type": "minecraft:item",
          "name": "minecraft:player_head",
          "functions": [
            {
              "function": "minecraft:set_nbt",
              "tag": "{dnl:{name:'checkpoint_player_head',item:1,id:4001},SkullOwner:\"RealisticCarrot\",display:{Name:'{\"translate\":\"RealisticCarrot\\'s Head\",\"color\":\"light_purple\",\"italic\":false}',Lore:['{\"translate\":\"[Patron]\",\"color\":\"red\",\"italic\":false}','{\"translate\":\"The day is coming when a single carrot,\",\"color\":\"gray\",\"italic\":false}','{\"translate\":\"freshly observed, will set off a\",\"color\":\"gray\",\"italic\":false}','{\"translate\":\"revolution!\",\"color\":\"gray\",\"italic\":false}']}}"
            }
          ]
        }
      ]
    }
  ]
}
