{
  "type": "minecraft:chest",
  "pools": [
    {
      "rolls": 1,
      "entries": [
        {
          "type": "minecraft:item",
          "name": "minecraft:player_head",
          "functions": [
            {
              "function": "minecraft:set_nbt",
              "tag": "{dnl:{name:'checkpoint_player_head',item:1,id:4001},SkullOwner:\"Technoblade\",display:{Name:'{\"translate\":\"Technoblade\\'s Head\",\"color\":\"aqua\",\"italic\":false}',Lore:['{\"translate\":\"[Youtuber]\",\"color\":\"red\",\"italic\":false}','{\"translate\":\"You will always be alive in our hearts.\",\"color\":\"gray\",\"italic\":false}','{\"translate\":\"<3\",\"color\":\"gray\",\"italic\":false}']}}"
            }
          ]
        }
      ]
    }
  ]
}
