{
  "type": "minecraft:chest",
  "pools": [
    {
      "rolls": 1,
      "entries": [
        {
          "type": "minecraft:item",
          "name": "minecraft:player_head",
          "functions": [
            {
              "function": "minecraft:set_nbt",
              "tag": "{dnl:{name:'checkpoint_player_head',item:1,id:4001},SkullOwner:\"UniversalT0ken\",display:{Name:'{\"translate\":\"UniversalT0ken\\'s Head\",\"color\":\"yellow\",\"italic\":false}',Lore:['{\"translate\":\"power is given only to those who dare to\",\"color\":\"gray\",\"italic\":false}','{\"translate\":\"lower themselves and pick it up\",\"color\":\"gray\",\"italic\":false}']}}"
            }
          ]
        }
      ]
    }
  ]
}
