{
  "type": "minecraft:chest",
  "pools": [
    {
      "rolls": 1,
      "entries": [
        {
          "type": "minecraft:item",
          "name": "minecraft:player_head",
          "functions": [
            {
              "function": "minecraft:set_nbt",
              "tag": "{dnl:{name:'checkpoint_player_head',item:1,id:4001},SkullOwner:\"Verfulger\",display:{Name:'{\"translate\":\"Verfulger\\'s Head\",\"color\":\"yellow\",\"italic\":false}',Lore:['{\"translate\":\"The best climbers know how to fall, for\",\"color\":\"gray\",\"italic\":false}','{\"translate\":\"we must all find our place. Mine is\",\"color\":\"gray\",\"italic\":false}','{\"translate\":\"being cast down, so I can rise once\",\"color\":\"gray\",\"italic\":false}','{\"translate\":\"more! For after every defeat, I ran\",\"color\":\"gray\",\"italic\":false}','{\"translate\":\"around the mountain until even shame\",\"color\":\"gray\",\"italic\":false}','{\"translate\":\"could not keep up. One must stand back\",\"color\":\"gray\",\"italic\":false}','{\"translate\":\"up and never be defeated, your spear\",\"color\":\"gray\",\"italic\":false}','{\"translate\":\"points in only one direction, pressing\",\"color\":\"gray\",\"italic\":false}','{\"translate\":\"forward is not the same as running from\",\"color\":\"gray\",\"italic\":false}','{\"translate\":\"your mistakes.\",\"color\":\"gray\",\"italic\":false}']}}"
            }
          ]
        }
      ]
    }
  ]
}
