{
  "type": "minecraft:chest",
  "pools": [
    {
      "rolls": 1,
      "entries": [
        {
          "type": "minecraft:item",
          "name": "minecraft:player_head",
          "functions": [
            {
              "function": "minecraft:set_nbt",
              "tag": "{dnl:{name:'checkpoint_player_head',item:1,id:4001},SkullOwner:\"what_is_his_name\",display:{Name:'{\"translate\":\"what_is_his_name\\'s Head\",\"color\":\"yellow\",\"italic\":false}',Lore:['{\"translate\":\"In the past, I have made no secret of my\",\"color\":\"gray\",\"italic\":false}','{\"translate\":\"disdain for the famous motto, \"Anyone\",\"color\":\"gray\",\"italic\":false}','{\"translate\":\"can explore.\" But I realize, only now do\",\"color\":\"gray\",\"italic\":false}','{\"translate\":\"I truly understand what it meant. Not\",\"color\":\"gray\",\"italic\":false}','{\"translate\":\"everyone can become a great exporer; but\",\"color\":\"gray\",\"italic\":false}','{\"translate\":\"a great explorercan come from anywhere.\",\"color\":\"gray\",\"italic\":false}']}}"
            }
          ]
        }
      ]
    }
  ]
}
