{
  "type": "minecraft:chest",
  "pools": [
    {
      "rolls": 1,
      "entries": [
        {
          "type": "minecraft:item",
          "name": "minecraft:player_head",
          "functions": [
            {
              "function": "minecraft:set_nbt",
              "tag": "{dnl:{name:'checkpoint_player_head',item:1,id:4001},SkullOwner:\"Wumpus0\",display:{Name:'{\"translate\":\"Wumpus0\\'s Head\",\"color\":\"yellow\",\"italic\":false}',Lore:['{\"translate\":\"https://www.youtube.com/watch?v=dQw4w9Wg\",\"color\":\"gray\",\"italic\":false}','{\"translate\":\"XcQ\",\"color\":\"gray\",\"italic\":false}']}}"
            }
          ]
        }
      ]
    }
  ]
}
