{
  "pools": [
    {
      "rolls": {
        "min": 4,
        "max": 8
      },
      "entries": [
        {
          "type": "minecraft:item",
          "weight": 5,
          "name": "minecraft:slime_ball",
          "functions": [
            {
              "function": "minecraft:set_count",
              "count": {
                "type": "minecraft:uniform",
                "min": 2,
                "max": 6
              }
            }
          ]
        },
        {
          "type": "minecraft:item",
          "weight": 1,
          "name": "minecraft:slime_block",
          "functions": [
            {
              "function": "minecraft:set_count",
              "count": {
                "type": "minecraft:uniform",
                "min": 1,
                "max": 5
              }
            }
          ]
        }
      ]
    }
  ]
}
