{
  "pools": [
    {
      "rolls": {
        "min": 11,
        "max": 15
      },
      "entries": [
        {
          "type": "minecraft:item",
          "weight": 1,
          "name": "minecraft:dandelion"
        },
        {
          "type": "minecraft:item",
          "weight": 1,
          "name": "minecraft:poppy"
        },
        {
          "type": "minecraft:item",
          "weight": 1,
          "name": "minecraft:blue_orchid"
        },
        {
          "type": "minecraft:item",
          "weight": 1,
          "name": "minecraft:allium"
        },
        {
          "type": "minecraft:item",
          "weight": 1,
          "name": "minecraft:azure_bluet"
        },
        {
          "type": "minecraft:item",
          "weight": 1,
          "name": "minecraft:red_tulip"
        },
        {
          "type": "minecraft:item",
          "weight": 1,
          "name": "minecraft:orange_tulip"
        },
        {
          "type": "minecraft:item",
          "weight": 1,
          "name": "minecraft:white_tulip"
        },
        {
          "type": "minecraft:item",
          "weight": 1,
          "name": "minecraft:pink_tulip"
        },
        {
          "type": "minecraft:item",
          "weight": 1,
          "name": "minecraft:oxeye_daisy"
        },
        {
          "type": "minecraft:item",
          "weight": 1,
          "name": "minecraft:cornflower"
        },
        {
          "type": "minecraft:item",
          "weight": 1,
          "name": "minecraft:lily_of_the_valley"
        },
        {
          "type": "minecraft:item",
          "weight": 1,
          "name": "minecraft:sunflower"
        },
        {
          "type": "minecraft:item",
          "weight": 1,
          "name": "minecraft:lilac"
        },
        {
          "type": "minecraft:item",
          "weight": 1,
          "name": "minecraft:rose_bush"
        },
        {
          "type": "minecraft:item",
          "weight": 1,
          "name": "minecraft:peony"
        }
      ]
    }
  ]
}
