{
	"display": {
		"icon": {
			"item": "minecraft:mossy_stone_bricks"
		},
		"title": {
			"translate": "advancements.story.follow_ender_eye.title"
		},
		"description": [
			{
				"translate": "advancements.story.follow_ender_eye.description"
			},
			". ",
			{
				"translate": "stellarity.advancements.follow_ender_eye.extra",
				"fallback": "Something is definitely hidden there..."
			}
		],
		"frame": "task",
		"show_toast": true,
		"announce_to_chat": true,
		"hidden": false
	},
	"parent": "stellarity:story/strengthened_by_fire",
	"criteria": {
		"in_stronghold": {
			"trigger": "minecraft:location",
			"conditions": {
				"player": [
					{
						"condition": "minecraft:entity_properties",
						"entity": "this",
						"predicate": {
							"location": {
								"structure": "minecraft:stronghold"
							}
						}
					}
				]
			}
		}
	},
	"requirements": [
		[
			"in_stronghold"
		]
	]
}
