{
	"type": "minecraft:fishing",
	"pools": [
		{
			"rolls": 1,
			"bonus_rolls": 0,
			"entries": [
				{
					"type": "minecraft:group",
					"children": [
						{
							"type": "minecraft:item",
							"name": "minecraft:ice",
							"functions": [
								{
									"function": "minecraft:set_count",
									"count": {
										"min": 2,
										"max": 4
									}
								}
							]
						},
						{
							"type": "minecraft:item",
							"name": "minecraft:packed_ice",
							"functions": [
								{
									"function": "minecraft:set_count",
									"count": {
										"min": 2,
										"max": 4
									}
								}
							]
						},
						{
							"type": "minecraft:item",
							"name": "minecraft:blue_ice",
							"functions": [
								{
									"function": "minecraft:set_count",
									"count": {
										"min": 2,
										"max": 4
									}
								}
							]
						},
						{
							"type": "minecraft:item",
							"name": "minecraft:snow_block",
							"functions": [
								{
									"function": "minecraft:set_count",
									"count": {
										"min": 2,
										"max": 4
									}
								}
							]
						}
					]
				}
			]
		}
	]
}
