{
	"feature": "far_end:wilds/vegetation/patch_chorus_flower",
	"placement": [
		{
			"type": "minecraft:count",
			"count": 20
		},
		{
			"type": "minecraft:in_square"
		},
		{
			"type": "minecraft:noise_based_count",
			"noise_to_count_ratio": 1,
			"noise_factor": 70,
			"noise_offset": 0.07
		},
		{
			"type": "minecraft:environment_scan",
			"direction_of_search": "down",
			"max_steps": 32,
			"target_condition": {
				"type": "minecraft:solid"
			},
			"allowed_search_condition": {
				"type": "minecraft:matching_blocks",
				"blocks": [
					"minecraft:air"
				]
			}
		},
		{
			"type": "minecraft:biome"
		},
		{
			"type": "minecraft:height_range",
			"height": {
				"type": "minecraft:uniform",
				"min_inclusive": {
					"above_bottom": 0
				},
				"max_inclusive": {
					"below_top": 0
				}
			}
		}
	]
}
