{
  "pools": [
    {
      "rolls": 1,
      "entries": [
        {
          "type": "minecraft:item",
          "name": "minecraft:skeleton_spawn_egg",
          "functions": [
            {
              "function": "minecraft:set_name",
              "entity": "this",
              "name": {
                "translate": "Chief Skeleton Melee Jigsaw",
                "color": "#FF55FF",
                "italic": false
              }
            },
            {
              "function": "minecraft:set_nbt",
              "tag": "{EntityTag:{id:\"minecraft:marker\",Tags:[\"dnl.marker\",\"dnl.jigsaw\",\"dnl.chief_skeleton_melee\"]}}"
            }
          ]
        }
      ]
    }
  ]
}
