{
  "display": {
    "icon": {
      "item": "minecraft:iron_nugget"
    },
    "title": {
      "translate": "Daily Maintenance"
    },
    "description": {
      "translate": "Provide a rest and maintenance to the iron golem by healing them with iron ingots to full health"
    },
    "frame": "task",
    "show_toast": true,
    "announce_to_chat": true,
    "hidden": false
  },
  "parent": "dnl:story/structures/forgotten_field/locate",
  "criteria": {
    "heal_iron_golem": {
      "trigger": "minecraft:impossible"
    }
  },
  "requirements": [
    [
      "heal_iron_golem"
    ]
  ]
}
