{
  "display": {
    "icon": {
      "item": "minecraft:chest"
    },
    "title": {
      "translate": "Out of Stock"
    },
    "description": {
      "translate": "End the poppy seller's business by trading all the items from him!"
    },
    "frame": "challenge",
    "show_toast": true,
    "announce_to_chat": true,
    "hidden": false
  },
  "parent": "dnl:story/structures/forgotten_field/to_remember_the_unfair_trade",
  "criteria": {
    "requirement": {
      "trigger": "minecraft:impossible"
    }
  }
}
