[
	{
		"condition": "minecraft:any_of",
		"terms": [
			{
				"condition": "minecraft:entity_properties",
				"entity": "this",
				"predicate": {
					"equipment": {
						"mainhand": {
							"items": [
								"minecraft:fishing_rod"
							],
							"nbt": "{stellarity.special_item:\"fisher_of_voids\"}"
						}
					}
				}
			},
			{
				"condition": "minecraft:entity_properties",
				"entity": "this",
				"predicate": {
					"equipment": {
						"offhand": {
							"items": [
								"minecraft:fishing_rod"
							],
							"nbt": "{stellarity.special_item:\"fisher_of_voids\"}"
						}
					}
				}
			}
		]
	}
]
