{
	"type": "minecraft:waterlogged_vegetation_patch",
	"config": {
		"surface": "floor",
		"depth": {
			"type": "minecraft:uniform",
			"value": {
				"min_inclusive": 1,
				"max_inclusive": 2
			}
		},
		"vertical_range": 10,
		"extra_bottom_block_chance": 0.6,
		"extra_edge_column_chance": 0.4,
		"vegetation_chance": 0,
		"xz_radius": {
			"type": "minecraft:biased_to_bottom",
			"value": {
				"min_inclusive": 2,
				"max_inclusive": 4
			}
		},
		"replaceable": "#minecraft:lush_ground_replaceable",
		"ground_state": {
			"type": "minecraft:simple_state_provider",
			"state": {
				"Name": "minecraft:moss_block"
			}
		},
		"vegetation_feature": "far_end:nothing"
	}
}
