{
	"temperature": 0.8,
	"downfall": 0.4,
	"has_precipitation": false,
	"temperature_modifier": "none",
	"creature_spawn_probability": 0,
	"effects": {
		"sky_color": 0,
		"fog_color": 0,
		"water_color": 4445678,
		"water_fog_color": 270131,
		"grass_color": 16767000,
		"foliage_color": 16767000,
		"mood_sound": {
			"sound": "ambient.soul_sand_valley.mood",
			"tick_delay": 1000,
			"block_search_extent": 2,
			"offset": 1
		},
		"additions_sound": {
			"sound": "ambient.soul_sand_valley.additions",
			"tick_chance": 0.0033
		},
		"particle": {
			"options": {
				"type": "spore_blossom_air"
			},
			"probability": 0.002
		}
	},
	"spawners": {
		"monster": [
			{
				"type": "minecraft:enderman",
				"weight": 10,
				"minCount": 4,
				"maxCount": 4
			},
			{
				"type": "minecraft:skeleton",
				"weight": 10,
				"minCount": 3,
				"maxCount": 3
			}
		]
	},
	"spawn_costs": {},
	"carvers": {},
	"features": [
		[
			"stellarity:global/stalactite"
		],
		[
			"far_end:wilds/surface/grassy_plain"
		],
		[
			"far_end:wilds/geode/seed_of_life"
		],
		[],
		[],
		[],
		[],
		[],
		[
			"far_end:wilds/vegetation/patch_chorus_flower",
			"far_end:wilds/vegetation/patch_leaves",
			"far_end:wilds/vegetation/chorus_plant"
		],
		[
			"stellarity:global/end_dungeon"
		]
	]
}
