{
	"type": "minecraft:fishing",
	"pools": [
		{
			"rolls": 1,
			"entries": [
				{
					"type": "minecraft:loot_table",
					"name": "stellarity:void_fishing/crates/global/treasure"
				}
			]
		},
		{
			"rolls": 1,
			"entries": [
				{
					"type": "minecraft:loot_table",
					"name": "stellarity:void_fishing/crates/global/useful"
				}
			]
		},
		{
			"rolls": {
				"min": 2,
				"max": 3
			},
			"bonus_rolls": {
				"min": 0,
				"max": 1
			},
			"entries": [
				{
					"type": "minecraft:item",
					"name": "minecraft:snowball",
					"functions": [
						{
							"function": "minecraft:set_count",
							"count": {
								"min": 3,
								"max": 8
							}
						}
					]
				},
				{
					"type": "minecraft:alternatives",
					"children": [
						{
							"type": "minecraft:item",
							"weight": 2,
							"name": "minecraft:ice",
							"functions": [
								{
									"function": "minecraft:set_count",
									"count": {
										"min": 2,
										"max": 4
									}
								}
							],
							"conditions": [
								{
									"condition": "minecraft:random_chance",
									"chance": 0.5
								}
							]
						},
						{
							"type": "minecraft:item",
							"weight": 2,
							"name": "minecraft:packed_ice",
							"functions": [
								{
									"function": "minecraft:set_count",
									"count": {
										"min": 2,
										"max": 4
									}
								}
							],
							"conditions": [
								{
									"condition": "minecraft:random_chance",
									"chance": 0.5
								}
							]
						},
						{
							"type": "minecraft:item",
							"weight": 2,
							"name": "minecraft:blue_ice",
							"functions": [
								{
									"function": "minecraft:set_count",
									"count": {
										"min": 2,
										"max": 4
									}
								}
							]
						}
					]
				},
				{
					"type": "minecraft:item",
					"name": "minecraft:snow_block",
					"functions": [
						{
							"function": "minecraft:set_count",
							"count": {
								"min": 1,
								"max": 2
							}
						}
					]
				},
				{
					"type": "minecraft:item",
					"name": "minecraft:powder_snow_bucket"
				}
			]
		},
		{
			"rolls": {
				"min": -1,
				"max": 1
			},
			"entries": [
				{
					"type": "minecraft:item",
					"name": "minecraft:book",
					"functions": [
						{
							"function": "minecraft:enchant_randomly",
							"enchantments": [
								"minecraft:frost_walker"
							]
						}
					]
				}
			]
		},
		{
			"rolls": 1,
			"entries": [
				{
					"type": "minecraft:loot_table",
					"name": "stellarity:void_fishing/crates/frozen_crate_special"
				}
			],
			"conditions": [
				{
					"condition": "minecraft:random_chance",
					"chance": 0.2
				}
			]
		}
	]
}
