{
	"pools": [
		{
			"rolls": 1,
			"entries": [
				{
					"type": "minecraft:item",
					"name": "minecraft:bone",
					"functions": [
						{
							"function": "minecraft:set_count",
							"count": {
								"min": 5,
								"max": 11
							},
							"add": false
						}
					]
				}
			]
		},
		{
			"rolls": 1,
			"entries": [
				{
					"type": "minecraft:item",
					"name": "minecraft:bone_meal",
					"functions": [
						{
							"function": "minecraft:set_count",
							"count": {
								"min": 3,
								"max": 8
							},
							"add": false
						}
					]
				}
			]
		},
		{
			"rolls": {
				"min": -3,
				"max": 2
			},
			"entries": [
				{
					"type": "minecraft:alternatives",
					"children": [
						{
							"type": "minecraft:item",
							"name": "minecraft:wither_skeleton_skull",
							"conditions": [
								{
									"condition": "minecraft:random_chance",
									"chance": 0.25
								}
							]
						},
						{
							"type": "minecraft:item",
							"name": "minecraft:skeleton_skull"
						}
					]
				}
			]
		}
	]
}
