{
	"type": "minecraft:fishing",
	"pools": [
		{
			"rolls": 1,
			"entries": [
				{
					"type": "minecraft:loot_table",
					"name": "stellarity:void_fishing/crates/global/treasure"
				}
			]
		},
		{
			"rolls": 1,
			"entries": [
				{
					"type": "minecraft:loot_table",
					"name": "stellarity:void_fishing/crates/global/useful"
				}
			]
		},
		{
			"rolls": {
				"min": 2,
				"max": 3
			},
			"bonus_rolls": {
				"min": 0,
				"max": 1
			},
			"entries": [
				{
					"type": "minecraft:alternatives",
					"children": [
						{
							"type": "minecraft:item",
							"weight": 2,
							"name": "minecraft:red_wool",
							"functions": [
								{
									"function": "minecraft:set_count",
									"count": {
										"min": 2,
										"max": 4
									}
								}
							],
							"conditions": [
								{
									"condition": "minecraft:random_chance",
									"chance": 0.5
								}
							]
						},
						{
							"type": "minecraft:item",
							"weight": 2,
							"name": "minecraft:orange_wool",
							"functions": [
								{
									"function": "minecraft:set_count",
									"count": {
										"min": 2,
										"max": 4
									}
								}
							],
							"conditions": [
								{
									"condition": "minecraft:random_chance",
									"chance": 0.5
								}
							]
						},
						{
							"type": "minecraft:item",
							"weight": 2,
							"name": "minecraft:yellow_wool",
							"functions": [
								{
									"function": "minecraft:set_count",
									"count": {
										"min": 2,
										"max": 4
									}
								}
							],
							"conditions": [
								{
									"condition": "minecraft:random_chance",
									"chance": 0.5
								}
							]
						},
						{
							"type": "minecraft:item",
							"weight": 2,
							"name": "minecraft:lime_wool",
							"functions": [
								{
									"function": "minecraft:set_count",
									"count": {
										"min": 2,
										"max": 4
									}
								}
							],
							"conditions": [
								{
									"condition": "minecraft:random_chance",
									"chance": 0.5
								}
							]
						},
						{
							"type": "minecraft:item",
							"weight": 2,
							"name": "minecraft:light_blue_wool",
							"functions": [
								{
									"function": "minecraft:set_count",
									"count": {
										"min": 2,
										"max": 4
									}
								}
							],
							"conditions": [
								{
									"condition": "minecraft:random_chance",
									"chance": 0.5
								}
							]
						},
						{
							"type": "minecraft:item",
							"weight": 2,
							"name": "minecraft:magenta_wool",
							"functions": [
								{
									"function": "minecraft:set_count",
									"count": {
										"min": 2,
										"max": 4
									}
								}
							],
							"conditions": [
								{
									"condition": "minecraft:random_chance",
									"chance": 0.5
								}
							]
						},
						{
							"type": "minecraft:item",
							"weight": 2,
							"name": "minecraft:purple_wool",
							"functions": [
								{
									"function": "minecraft:set_count",
									"count": {
										"min": 2,
										"max": 4
									}
								}
							],
							"conditions": [
								{
									"condition": "minecraft:random_chance",
									"chance": 0.5
								}
							]
						},
						{
							"type": "minecraft:item",
							"weight": 2,
							"name": "minecraft:white_wool",
							"functions": [
								{
									"function": "minecraft:set_count",
									"count": {
										"min": 2,
										"max": 4
									}
								}
							]
						}
					]
				},
				{
					"type": "minecraft:item",
					"name": "minecraft:amethyst_shard",
					"functions": [
						{
							"function": "minecraft:set_count",
							"count": {
								"min": 3,
								"max": 6
							}
						}
					]
				},
				{
					"type": "minecraft:item",
					"name": "minecraft:white_concrete_powder",
					"functions": [
						{
							"function": "minecraft:set_count",
							"count": {
								"min": 2,
								"max": 4
							}
						}
					]
				}
			]
		}
	]
}
