{
	"type": "minecraft:fishing",
	"pools": [
		{
			"rolls": 1,
			"entries": [
				{
					"type": "minecraft:loot_table",
					"name": "stellarity:void_fishing/crates/global/treasure"
				}
			]
		},
		{
			"rolls": 1,
			"entries": [
				{
					"type": "minecraft:loot_table",
					"name": "stellarity:void_fishing/crates/global/useful"
				}
			]
		},
		{
			"rolls": {
				"min": 2,
				"max": 3
			},
			"bonus_rolls": {
				"min": 0,
				"max": 1
			},
			"entries": [
				{
					"type": "minecraft:item",
					"name": "minecraft:magma_cream",
					"functions": [
						{
							"function": "minecraft:set_count",
							"count": {
								"min": 2,
								"max": 4
							}
						}
					]
				},
				{
					"type": "minecraft:item",
					"name": "minecraft:blaze_powder",
					"functions": [
						{
							"function": "minecraft:set_count",
							"count": {
								"min": 2,
								"max": 4
							}
						}
					]
				},
				{
					"type": "minecraft:item",
					"name": "minecraft:blaze_rod"
				},
				{
					"type": "minecraft:item",
					"name": "minecraft:magma_block",
					"functions": [
						{
							"function": "minecraft:set_count",
							"count": {
								"min": 3,
								"max": 7
							}
						}
					]
				},
				{
					"type": "minecraft:item",
					"name": "minecraft:quartz",
					"functions": [
						{
							"function": "minecraft:set_count",
							"count": {
								"min": 3,
								"max": 6
							}
						}
					]
				},
				{
					"type": "minecraft:item",
					"name": "minecraft:blackstone",
					"functions": [
						{
							"function": "minecraft:set_count",
							"count": {
								"min": 3,
								"max": 7
							}
						}
					]
				}
			]
		},
		{
			"rolls": {
				"min": -1,
				"max": 1
			},
			"entries": [
				{
					"type": "minecraft:item",
					"name": "minecraft:potion",
					"functions": [
						{
							"function": "minecraft:set_potion",
							"id": "minecraft:fire_resistance"
						}
					]
				},
				{
					"type": "minecraft:item",
					"name": "minecraft:book",
					"functions": [
						{
							"function": "minecraft:enchant_randomly",
							"enchantments": [
								"minecraft:fire_aspect"
							]
						}
					]
				},
				{
					"type": "minecraft:item",
					"name": "minecraft:book",
					"functions": [
						{
							"function": "minecraft:enchant_randomly",
							"enchantments": [
								"minecraft:fire_protection"
							]
						}
					]
				}
			]
		}
	]
}
