{
  "display": {
    "icon": {
      "item": "minecraft:potion",
      "nbt": "{CustomPotionColor:16763190,Enchantments:[{}]}"
    },
    "title": {
      "translate": "Poison No More!"
    },
    "description": {
      "translate": "Craft a Honey Potion using the monolith in the Witch Lab Hivenest"
    },
    "frame": "task",
    "show_toast": true,
    "announce_to_chat": true,
    "hidden": false
  },
  "parent": "dnl:story/structures/hivenest/craft_honeycomb_ingot",
  "criteria": {
    "requirement": {
      "trigger": "minecraft:inventory_changed",
      "conditions": {
        "items": [
          {
            "nbt": "{dnl: {name: 'honey_potion'}}"
          }
        ]
      }
    }
  }
}
