{
  "display": {
    "icon": {
      "item": "minecraft:gold_ingot",
      "nbt": "{CustomModelData:4048002}"
    },
    "title": {
      "translate": "Sugary Ingot"
    },
    "description": {
      "translate": "Craft a Honeycomb Ingot using the monolith in one of the Hivenest"
    },
    "frame": "task",
    "show_toast": true,
    "announce_to_chat": true,
    "hidden": false
  },
  "parent": "dnl:story/structures/hivenest/locate",
  "criteria": {
    "requirement": {
      "trigger": "minecraft:inventory_changed",
      "conditions": {
        "items": [
          {
            "nbt": "{dnl: {name: 'honeycomb_ingot'}}"
          }
        ]
      }
    }
  }
}
