{
  "display": {
    "icon": {
      "item": "minecraft:yellow_shulker_box"
    },
    "title": {
      "translate": "Pack in the Bee Nest"
    },
    "description": {
      "translate": "Craft a Hive Chest using the monolith in the Leafy Hivenest. Handy item for storing dungeon loots!"
    },
    "frame": "task",
    "show_toast": true,
    "announce_to_chat": true,
    "hidden": false
  },
  "parent": "dnl:story/structures/hivenest/craft_honeycomb_ingot",
  "criteria": {
    "requirement": {
      "trigger": "minecraft:inventory_changed",
      "conditions": {
        "items": [
          {
            "nbt": "{dnl: {name: 'hive_chest'}}"
          }
        ]
      }
    }
  }
}
