{
  "display": {
    "icon": {
      "item": "minecraft:bee_nest"
    },
    "title": {
      "translate": "Hivenest"
    },
    "description": {
      "translate": "Sneak into the bee nest"
    },
    "frame": "goal",
    "show_toast": true,
    "announce_to_chat": true,
    "hidden": false
  },
  "parent": "dnl:story/general/locate_dungeon",
  "criteria": {
    "locate_hivenest": {
      "trigger": "minecraft:location",
      "conditions": {
        "player": {
          "location": {
            "structure": "dnl:hivenest"
          }
        }
      }
    }
  },
  "requirements": [
    [
      "locate_hivenest"
    ]
  ]
}
