{
  "display": {
    "icon": {
      "item": "minecraft:golden_sword",
      "nbt": "{CustomModelData:4041007}"
    },
    "title": {
      "translate": "Three Shots of Poison"
    },
    "description": {
      "translate": "Quickly attack a mob with Poison Rapier three times to inflect max level poison"
    },
    "frame": "challenge",
    "show_toast": true,
    "announce_to_chat": true,
    "hidden": false
  },
  "parent": "dnl:story/structures/hivenest/bee_swarm",
  "criteria": {
    "requirement": {
      "trigger": "minecraft:impossible"
    }
  }
}
