{
  "display": {
    "icon": {
      "item": "minecraft:goat_horn",
      "nbt": "{CustomModelData:4044005}"
    },
    "title": {
      "translate": "Camp Chief"
    },
    "description": {
      "translate": "Defeat the Camp Chief and obtain the Ominous Horn!"
    },
    "frame": "challenge",
    "show_toast": true,
    "announce_to_chat": true,
    "hidden": false
  },
  "parent": "dnl:story/structures/pillager_camp/locate",
  "criteria": {
    "killed_camp_chief": {
      "trigger": "minecraft:impossible"
    }
  },
  "requirements": [
    [
      "killed_camp_chief"
    ]
  ]
}
