{
	"type": "minecraft:fishing",
	"pools": [
		{
			"rolls": 1,
			"bonus_rolls": 0,
			"entries": [
				{
					"type": "minecraft:loot_table",
					"weight": 30,
					"name": "stellarity:void_fishing/drops/the_hallow",
					"conditions": [
						{
							"condition": "minecraft:reference",
							"name": "stellarity:locations/biomes/in_the_hallow"
						}
					]
				},
				{
					"type": "minecraft:loot_table",
					"weight": 30,
					"name": "stellarity:void_fishing/drops/flesh_tundra",
					"conditions": [
						{
							"condition": "minecraft:reference",
							"name": "stellarity:locations/biomes/in_flesh_tundra"
						}
					]
				},
				{
					"type": "minecraft:loot_table",
					"weight": 30,
					"name": "stellarity:void_fishing/drops/frosted_hills",
					"conditions": [
						{
							"condition": "minecraft:reference",
							"name": "stellarity:locations/biomes/in_frosted_hills"
						}
					]
				},
				{
					"type": "minecraft:loot_table",
					"weight": 30,
					"name": "stellarity:void_fishing/drops/original_biomes",
					"conditions": [
						{
							"condition": "minecraft:any_of",
							"terms": [
								{
									"condition": "minecraft:reference",
									"name": "stellarity:locations/biomes/in_end_midlands"
								},
								{
									"condition": "minecraft:reference",
									"name": "stellarity:locations/biomes/in_end_highlands"
								},
								{
									"condition": "minecraft:reference",
									"name": "stellarity:locations/biomes/in_small_end_islands"
								},
								{
									"condition": "minecraft:reference",
									"name": "stellarity:locations/biomes/in_end_barrens"
								}
							]
						}
					]
				},
				{
					"type": "minecraft:loot_table",
					"weight": 30,
					"name": "stellarity:void_fishing/drops/sculk_growth",
					"conditions": [
						{
							"condition": "minecraft:reference",
							"name": "stellarity:locations/biomes/in_sculk_growth"
						}
					]
				},
				{
					"type": "minecraft:loot_table",
					"weight": 30,
					"name": "stellarity:void_fishing/drops/blazing_dunes",
					"conditions": [
						{
							"condition": "minecraft:reference",
							"name": "stellarity:locations/biomes/in_blazing_dunes"
						}
					]
				},
				{
					"type": "minecraft:loot_table",
					"weight": 30,
					"name": "stellarity:void_fishing/drops/amethyst",
					"conditions": [
						{
							"condition": "minecraft:any_of",
							"terms": [
								{
									"condition": "minecraft:reference",
									"name": "stellarity:locations/biomes/in_amethyst_forest"
								},
								{
									"condition": "minecraft:reference",
									"name": "stellarity:locations/biomes/in_crystal_crags"
								}
							]
						}
					]
				},
				{
					"type": "minecraft:loot_table",
					"weight": 30,
					"name": "stellarity:void_fishing/drops/prismarine",
					"conditions": [
						{
							"condition": "minecraft:reference",
							"name": "stellarity:locations/biomes/in_prismarine_forest"
						}
					]
				}
			]
		}
	]
}
