{
  "display": {
    "icon": {
      "item": "minecraft:tipped_arrow",
      "nbt": "{Potion:\"minecraft:slowness\"}"
    },
    "title": {
      "translate": "Frost Watcher"
    },
    "description": {
      "translate": "Defeat the blood cold sniper"
    },
    "frame": "task",
    "show_toast": true,
    "announce_to_chat": true,
    "hidden": false
  },
  "parent": "dnl:story/structures/watcher_camp/locate",
  "criteria": {
    "killed_frost_watcher": {
      "trigger": "minecraft:impossible"
    }
  },
  "requirements": [
    [
      "killed_frost_watcher"
    ]
  ]
}
