{
  "display": {
    "icon": {
      "item": "minecraft:ice"
    },
    "title": {
      "translate": "Watcher Camp"
    },
    "description": {
      "translate": "Find the freezing campsite watched under the silver eyes"
    },
    "frame": "goal",
    "show_toast": true,
    "announce_to_chat": true,
    "hidden": false
  },
  "parent": "dnl:story/general/locate_dungeon",
  "criteria": {
    "locate_watcher_camp": {
      "trigger": "minecraft:location",
      "conditions": {
        "player": {
          "location": {
            "structure": "dnl:watcher_camp"
          }
        }
      }
    }
  },
  "requirements": [
    [
      "locate_watcher_camp"
    ]
  ]
}
