{
  "name": "prototypedungeons:corridor_crossroad_features",
  "fallback": "prototypedungeons:corridor_crossroad_features",
  "elements": [
    {
      "weight": 2,
      "element": {
        "location": "prototypedungeons:crossroad_decor/corridor_crossroad_decor_1",
        "processors": "minecraft:empty",
        "projection": "rigid",
        "element_type": "minecraft:single_pool_element"
      }
    },
    {
      "weight": 2,
      "element": {
        "location": "prototypedungeons:crossroad_decor/corridor_crossroad_decor_2",
        "processors": "minecraft:empty",
        "projection": "rigid",
        "element_type": "minecraft:single_pool_element"
      }
    },
    {
      "weight": 2,
      "element": {
        "location": "prototypedungeons:crossroad_decor/corridor_crossroad_decor_3",
        "processors": "minecraft:empty",
        "projection": "rigid",
        "element_type": "minecraft:single_pool_element"
      }
    },
    {
      "weight": 2,
      "element": {
        "location": "prototypedungeons:crossroad_decor/corridor_crossroad_decor_4",
        "processors": "minecraft:empty",
        "projection": "rigid",
        "element_type": "minecraft:single_pool_element"
      }
    }
  ]
}
