{
	"pools": [
		{
			"rolls": {
				"min": 0,
				"max": 2
			},
			"bonus_rolls": 0,
			"entries": [
				{
					"type": "minecraft:item",
					"name": "minecraft:potion",
					"functions": [
						{
							"function": "minecraft:set_potion",
							"id": "minecraft:long_regeneration"
						}
					]
				},
				{
					"type": "minecraft:item",
					"name": "minecraft:potion",
					"functions": [
						{
							"function": "minecraft:set_potion",
							"id": "minecraft:strong_regeneration"
						}
					]
				},
				{
					"type": "minecraft:item",
					"name": "minecraft:potion",
					"functions": [
						{
							"function": "minecraft:set_potion",
							"id": "minecraft:healing"
						}
					]
				},
				{
					"type": "minecraft:item",
					"name": "minecraft:potion",
					"functions": [
						{
							"function": "minecraft:set_potion",
							"id": "minecraft:strength"
						}
					]
				},
				{
					"type": "minecraft:item",
					"name": "minecraft:potion",
					"functions": [
						{
							"function": "minecraft:set_potion",
							"id": "minecraft:swiftness"
						}
					]
				},
				{
					"type": "minecraft:item",
					"name": "minecraft:potion",
					"functions": [
						{
							"function": "minecraft:set_potion",
							"id": "minecraft:leaping"
						}
					]
				}
			]
		},
		{
			"rolls": {
				"min": 0,
				"max": 1
			},
			"bonus_rolls": 0,
			"entries": [
				{
					"type": "minecraft:item",
					"name": "minecraft:golden_apple"
				},
				{
					"type": "minecraft:item",
					"name": "minecraft:experience_bottle",
					"functions": [
						{
							"function": "minecraft:set_count",
							"count": {
								"min": 1,
								"max": 4
							}
						}
					]
				},
				{
					"type": "minecraft:item",
					"name": "minecraft:golden_carrot",
					"functions": [
						{
							"function": "minecraft:set_count",
							"count": {
								"min": 1,
								"max": 2
							}
						}
					]
				}
			]
		},
		{
			"rolls": {
				"min": 0,
				"max": 2
			},
			"bonus_rolls": 0,
			"entries": [
				{
					"type": "minecraft:item",
					"name": "minecraft:name_tag"
				},
				{
					"type": "minecraft:item",
					"name": "minecraft:saddle"
				},
				{
					"type": "minecraft:item",
					"name": "minecraft:diamond_horse_armor"
				},
				{
					"type": "minecraft:item",
					"name": "minecraft:golden_horse_armor"
				},
				{
					"type": "minecraft:item",
					"name": "minecraft:lead",
					"functions": [
						{
							"function": "minecraft:set_count",
							"count": {
								"min": 1,
								"max": 2
							}
						}
					]
				}
			]
		},
		{
			"rolls": 0,
			"bonus_rolls": 0,
			"entries": [
				{
					"type": "minecraft:alternatives",
					"children": [
						{
							"type": "minecraft:item",
							"name": "minecraft:spectral_arrow",
							"functions": [
								{
									"function": "minecraft:set_count",
									"count": {
										"min": 7,
										"max": 11
									}
								}
							],
							"conditions": [
								{
									"condition": "minecraft:random_chance",
									"chance": 0.33
								}
							]
						},
						{
							"type": "minecraft:item",
							"name": "minecraft:arrow",
							"functions": [
								{
									"function": "minecraft:set_count",
									"count": {
										"min": 5,
										"max": 9
									}
								}
							]
						}
					]
				},
				{
					"type": "minecraft:alternatives",
					"children": [
						{
							"type": "minecraft:item",
							"name": "minecraft:ender_eye",
							"functions": [
								{
									"function": "minecraft:set_count",
									"count": {
										"min": 1,
										"max": 2
									}
								}
							],
							"conditions": [
								{
									"condition": "minecraft:random_chance",
									"chance": 0.5
								}
							]
						},
						{
							"type": "minecraft:item",
							"name": "minecraft:ender_pearl",
							"functions": [
								{
									"function": "minecraft:set_count",
									"count": {
										"min": 1,
										"max": 2
									}
								}
							]
						}
					]
				}
			]
		}
	]
}
