{
	"type": "minecraft:chest",
	"pools": [
		{
			"rolls": {
				"min": 2,
				"max": 4
			},
			"entries": [
				{
					"type": "minecraft:item",
					"name": "minecraft:red_candle",
					"functions": [
						{
							"function": "minecraft:set_count",
							"count": {
								"min": 1,
								"max": 3
							},
							"add": true
						}
					]
				},
				{
					"type": "minecraft:item",
					"name": "minecraft:black_candle",
					"functions": [
						{
							"function": "minecraft:set_count",
							"count": {
								"min": 1,
								"max": 3
							},
							"add": true
						}
					]
				},
				{
					"type": "minecraft:item",
					"name": "minecraft:candle",
					"functions": [
						{
							"function": "minecraft:set_count",
							"count": {
								"min": 1,
								"max": 3
							},
							"add": true
						}
					]
				}
			]
		},
		{
			"rolls": {
				"min": 0,
				"max": 1
			},
			"entries": [
				{
					"type": "minecraft:item",
					"name": "minecraft:flint_and_steel",
					"functions": [
						{
							"function": "minecraft:set_damage",
							"damage": {
								"min": 0.17,
								"max": 0.5
							}
						}
					]
				}
			]
		}
	]
}
