{
	"type": "minecraft:chest",
	"pools": [
		{
			"rolls": {
				"min": 10,
				"max": 13
			},
			"entries": [
				{
					"type": "minecraft:item",
					"weight": 12,
					"name": "minecraft:cobweb",
					"functions": [
						{
							"function": "minecraft:set_count",
							"count": {
								"min": 3,
								"max": 6
							},
							"add": true
						}
					]
				},
				{
					"type": "minecraft:item",
					"weight": 15,
					"name": "minecraft:string",
					"functions": [
						{
							"function": "minecraft:set_count",
							"count": {
								"min": 6,
								"max": 10
							},
							"add": true
						}
					]
				}
			]
		}
	]
}
