{
    "type": "minecraft:vegetation_patch",
    "config": {
        "surface": "floor",
        "depth": {
            "type": "minecraft:uniform",
            "value": {
                "min_inclusive": 1,
                "max_inclusive": 3
            }
        },
        "vertical_range": 1,
        "extra_bottom_block_chance": 0.5,
        "extra_edge_column_chance": 0.5,
        "vegetation_chance": 0.05,
        "xz_radius": {
            "type": "minecraft:uniform",
            "value": {
                "min_inclusive": 2,
                "max_inclusive": 5
            }
        },
        "replaceable": "#far_end:flesh_surface",
        "ground_state": {
            "type": "minecraft:simple_state_provider",
            "state": {
                "Name": "minecraft:crimson_nylium"
            }
        },
        "vegetation_feature": {
            "feature": {
                "type": "minecraft:netherrack_replace_blobs",
                "config": {
                    "state": {
                        "Name": "minecraft:crimson_nylium",
                        "Properties": {
                            "snowy": "false"
                        }
                    },
                    "target": {
                        "Name": "minecraft:crimson_nylium"
                    },
                    "radius": {
                        "type": "minecraft:uniform",
                        "value": {
                            "min_inclusive": 0,
                            "max_inclusive": 1
                        }
                    }
                }
            },
            "placement": []
        }
    }
}
