{
    "type": "minecraft:waterlogged_vegetation_patch",
    "config": {
        "surface": "floor",
        "depth": 1,
        "vertical_range": 1,
        "extra_bottom_block_chance": 0,
        "extra_edge_column_chance": 0,
        "vegetation_chance": 1,
        "xz_radius": {
            "type": "minecraft:uniform",
            "value": {
                "min_inclusive": 0,
                "max_inclusive": 1
            }
        },
        "replaceable": "#far_end:flesh_surface",
        "ground_state": {
            "type": "minecraft:simple_state_provider",
            "state": {
                "Name": "minecraft:nether_wart_block"
            }
        },
        "vegetation_feature": {
            "feature": {
                "type": "minecraft:netherrack_replace_blobs",
                "config": {
                    "state": {
                        "Name": "minecraft:water",
                        "Properties": {
                            "level": "0"
                        }
                    },
                    "target": {
                        "Name": "minecraft:nether_wart_block"
                    },
                    "radius": {
                        "type": "minecraft:uniform",
                        "value": {
                            "min_inclusive": 4,
                            "max_inclusive": 12
                        }
                    }
                }
            },
            "placement": []
        }
    }
}
