{
  "criteria": {
    "bit_0_0": {
      "trigger": "minecraft:entity_hurt_player",
      "conditions": {
        "damage": {
          "source_entity": {
            "nbt": "{Tags:[\"dnl.0_0\"]}"
          }
        }
      }
    },
    "bit_1_0": {
      "trigger": "minecraft:entity_hurt_player",
      "conditions": {
        "damage": {
          "source_entity": {
            "nbt": "{Tags:[\"dnl.1_0\"]}"
          }
        }
      }
    },
    "bit_2_0": {
      "trigger": "minecraft:entity_hurt_player",
      "conditions": {
        "damage": {
          "source_entity": {
            "nbt": "{Tags:[\"dnl.2_0\"]}"
          }
        }
      }
    },
    "bit_3_0": {
      "trigger": "minecraft:entity_hurt_player",
      "conditions": {
        "damage": {
          "source_entity": {
            "nbt": "{Tags:[\"dnl.3_0\"]}"
          }
        }
      }
    },
    "bit_4_0": {
      "trigger": "minecraft:entity_hurt_player",
      "conditions": {
        "damage": {
          "source_entity": {
            "nbt": "{Tags:[\"dnl.4_0\"]}"
          }
        }
      }
    },
    "bit_5_0": {
      "trigger": "minecraft:entity_hurt_player",
      "conditions": {
        "damage": {
          "source_entity": {
            "nbt": "{Tags:[\"dnl.5_0\"]}"
          }
        }
      }
    },
    "bit_6_0": {
      "trigger": "minecraft:entity_hurt_player",
      "conditions": {
        "damage": {
          "source_entity": {
            "nbt": "{Tags:[\"dnl.6_0\"]}"
          }
        }
      }
    },
    "bit_7_0": {
      "trigger": "minecraft:entity_hurt_player",
      "conditions": {
        "damage": {
          "source_entity": {
            "nbt": "{Tags:[\"dnl.7_0\"]}"
          }
        }
      }
    },
    "bit_8_0": {
      "trigger": "minecraft:entity_hurt_player",
      "conditions": {
        "damage": {
          "source_entity": {
            "nbt": "{Tags:[\"dnl.8_0\"]}"
          }
        }
      }
    },
    "bit_0_1": {
      "trigger": "minecraft:entity_hurt_player",
      "conditions": {
        "damage": {
          "source_entity": {
            "nbt": "{Tags:[\"dnl.0_1\"]}"
          }
        }
      }
    },
    "bit_1_1": {
      "trigger": "minecraft:entity_hurt_player",
      "conditions": {
        "damage": {
          "source_entity": {
            "nbt": "{Tags:[\"dnl.1_1\"]}"
          }
        }
      }
    },
    "bit_2_1": {
      "trigger": "minecraft:entity_hurt_player",
      "conditions": {
        "damage": {
          "source_entity": {
            "nbt": "{Tags:[\"dnl.2_1\"]}"
          }
        }
      }
    },
    "bit_3_1": {
      "trigger": "minecraft:entity_hurt_player",
      "conditions": {
        "damage": {
          "source_entity": {
            "nbt": "{Tags:[\"dnl.3_1\"]}"
          }
        }
      }
    },
    "bit_4_1": {
      "trigger": "minecraft:entity_hurt_player",
      "conditions": {
        "damage": {
          "source_entity": {
            "nbt": "{Tags:[\"dnl.4_1\"]}"
          }
        }
      }
    },
    "bit_5_1": {
      "trigger": "minecraft:entity_hurt_player",
      "conditions": {
        "damage": {
          "source_entity": {
            "nbt": "{Tags:[\"dnl.5_1\"]}"
          }
        }
      }
    },
    "bit_6_1": {
      "trigger": "minecraft:entity_hurt_player",
      "conditions": {
        "damage": {
          "source_entity": {
            "nbt": "{Tags:[\"dnl.6_1\"]}"
          }
        }
      }
    },
    "bit_7_1": {
      "trigger": "minecraft:entity_hurt_player",
      "conditions": {
        "damage": {
          "source_entity": {
            "nbt": "{Tags:[\"dnl.7_1\"]}"
          }
        }
      }
    },
    "bit_8_1": {
      "trigger": "minecraft:entity_hurt_player",
      "conditions": {
        "damage": {
          "source_entity": {
            "nbt": "{Tags:[\"dnl.8_1\"]}"
          }
        }
      }
    },
    "bit_0_2": {
      "trigger": "minecraft:entity_hurt_player",
      "conditions": {
        "damage": {
          "source_entity": {
            "nbt": "{Tags:[\"dnl.0_2\"]}"
          }
        }
      }
    },
    "bit_1_2": {
      "trigger": "minecraft:entity_hurt_player",
      "conditions": {
        "damage": {
          "source_entity": {
            "nbt": "{Tags:[\"dnl.1_2\"]}"
          }
        }
      }
    },
    "bit_2_2": {
      "trigger": "minecraft:entity_hurt_player",
      "conditions": {
        "damage": {
          "source_entity": {
            "nbt": "{Tags:[\"dnl.2_2\"]}"
          }
        }
      }
    },
    "bit_3_2": {
      "trigger": "minecraft:entity_hurt_player",
      "conditions": {
        "damage": {
          "source_entity": {
            "nbt": "{Tags:[\"dnl.3_2\"]}"
          }
        }
      }
    },
    "bit_4_2": {
      "trigger": "minecraft:entity_hurt_player",
      "conditions": {
        "damage": {
          "source_entity": {
            "nbt": "{Tags:[\"dnl.4_2\"]}"
          }
        }
      }
    },
    "bit_5_2": {
      "trigger": "minecraft:entity_hurt_player",
      "conditions": {
        "damage": {
          "source_entity": {
            "nbt": "{Tags:[\"dnl.5_2\"]}"
          }
        }
      }
    },
    "bit_6_2": {
      "trigger": "minecraft:entity_hurt_player",
      "conditions": {
        "damage": {
          "source_entity": {
            "nbt": "{Tags:[\"dnl.6_2\"]}"
          }
        }
      }
    },
    "bit_7_2": {
      "trigger": "minecraft:entity_hurt_player",
      "conditions": {
        "damage": {
          "source_entity": {
            "nbt": "{Tags:[\"dnl.7_2\"]}"
          }
        }
      }
    },
    "bit_8_2": {
      "trigger": "minecraft:entity_hurt_player",
      "conditions": {
        "damage": {
          "source_entity": {
            "nbt": "{Tags:[\"dnl.8_2\"]}"
          }
        }
      }
    },
    "blocked_true": {
      "trigger": "minecraft:entity_hurt_player",
      "conditions": {
        "damage": {
          "blocked": true
        }
      }
    },
    "blocked_false": {
      "trigger": "minecraft:entity_hurt_player",
      "conditions": {
        "damage": {
          "blocked": false
        }
      }
    },
    "is_projectile": {
      "trigger": "minecraft:entity_hurt_player",
      "conditions": {
        "damage": {
          "type": {
            "is_projectile": true
          }
        }
      }
    },
    "not_projectile": {
      "trigger": "minecraft:entity_hurt_player",
      "conditions": {
        "damage": {
          "type": {
            "is_projectile": false
          }
        }
      }
    }
  },
  "requirements": [
    [
      "bit_0_0",
      "bit_0_1",
      "bit_0_2"
    ],
    [
      "bit_1_0",
      "bit_1_1",
      "bit_1_2"
    ],
    [
      "bit_2_0",
      "bit_2_1",
      "bit_2_2"
    ],
    [
      "bit_3_0",
      "bit_3_1",
      "bit_3_2"
    ],
    [
      "bit_4_0",
      "bit_4_1",
      "bit_4_2"
    ],
    [
      "bit_5_0",
      "bit_5_1",
      "bit_5_2"
    ],
    [
      "bit_6_0",
      "bit_6_1",
      "bit_6_2"
    ],
    [
      "bit_7_0",
      "bit_7_1",
      "bit_7_2"
    ],
    [
      "bit_8_0",
      "bit_8_1",
      "bit_8_2"
    ],
    [
      "blocked_true",
      "blocked_false"
    ],
    [
      "is_projectile",
      "not_projectile"
    ]
  ],
  "rewards": {
    "function": "dnl:util/entity_hit_matching/on_hurt/reward"
  }
}
