{
	"type": "minecraft:chest",
	"pools": [
		{
			"rolls": {
				"type": "minecraft:uniform",
				"min": 5,
				"max": 6
			},
			"bonus_rolls": 0,
			"entries": [
				{
					"type": "minecraft:item",
					"weight": 18,
					"name": "minecraft:book",
					"functions": [
						{
							"function": "minecraft:set_count",
							"count": {
								"type": "minecraft:uniform",
								"min": 1,
								"max": 2
							},
							"add": false
						}
					]
				},
				{
					"type": "minecraft:item",
					"weight": 16,
					"name": "minecraft:paper",
					"functions": [
						{
							"function": "minecraft:set_count",
							"count": {
								"type": "minecraft:uniform",
								"min": 2,
								"max": 3
							},
							"add": false
						}
					]
				},
				{
					"type": "minecraft:item",
					"weight": 5,
					"name": "minecraft:map"
				},
				{
					"type": "minecraft:item",
					"weight": 1,
					"name": "minecraft:compass"
				},
				{
					"type": "minecraft:item",
					"weight": 1,
					"quality": 1,
					"name": "minecraft:book",
					"functions": [
						{
							"function": "minecraft:enchant_with_levels",
							"levels": {
								"min": 22,
								"max": 2828
							},
							"treasure": true
						}
					]
				}
			]
		},
		{
			"rolls": {
				"min": -2,
				"max": 1
			},
			"bonus_rolls": 0,
			"entries": [
				{
					"type": "minecraft:item",
					"name": "minecraft:book",
					"functions": [
						{
							"function": "minecraft:enchant_with_levels",
							"levels": 35,
							"treasure": true
						}
					]
				}
			]
		}
	]
}
