{
	"type": "minecraft:entity",
	"pools": [
		{
			"rolls": 1,
			"bonus_rolls": 0,
			"entries": [
				{
					"type": "minecraft:alternatives",
					"children": [
						{
							"type": "minecraft:item",
							"name": "minecraft:spectral_arrow",
							"functions": [
								{
									"function": "minecraft:set_count",
									"count": {
										"min": 0,
										"max": 2
									}
								},
								{
									"function": "minecraft:looting_enchant",
									"count": {
										"min": 0,
										"max": 1
									}
								}
							],
							"conditions": [
								{
									"condition": "minecraft:entity_properties",
									"entity": "this",
									"predicate": {
										"effects": {
											"minecraft:glowing": {}
										}
									}
								}
							]
						},
						{
							"type": "minecraft:item",
							"name": "minecraft:arrow",
							"functions": [
								{
									"function": "minecraft:set_count",
									"count": {
										"min": 0,
										"max": 2
									}
								},
								{
									"function": "minecraft:looting_enchant",
									"count": {
										"min": 0,
										"max": 1
									}
								}
							]
						}
					]
				}
			]
		},
		{
			"rolls": 1,
			"bonus_rolls": 0,
			"entries": [
				{
					"type": "minecraft:item",
					"name": "minecraft:bone",
					"functions": [
						{
							"function": "minecraft:set_count",
							"count": {
								"type": "minecraft:uniform",
								"min": 0,
								"max": 2
							},
							"add": false
						},
						{
							"function": "minecraft:looting_enchant",
							"count": {
								"type": "minecraft:uniform",
								"min": 0,
								"max": 1
							}
						}
					]
				}
			]
		}
	]
}
